{
    "country": "Argentina",
    "total_population": 45195774,
    "max_days": 110,
    "simulation": {
        "n_simulations": 1500000,
        "n_executions": 1
    },
    "params": {
        "offset": {
            "min": 0,
            "max": 10.166666666666666
        },
        "permeability": {
            "min": 0.4517480182431788,
            "max": 1
        },
        "lambda": {
            "min": 0.04592132278869064,
            "max": 0.06625601840270662
        },
        "IFR": {
            "min": 0.007,
            "max": 0.013
        },
        "what": {
            "min": 0.0625,
            "max": 0.16666666666666666
        },
        "initial_i": {
            "min": 0,
            "max": 1.6394106121754157e-07
        }
    },
    "fixed_params": {
        "home_size": 2.5,
        "k_average_active": 14.116284574031162,
        "k_average_confined": 3.838334220639105,
        "mu": 0.23809523809523808,
        "eta": 0.1923076923076923,
        "what": 0.091
    },
    "first_day_deaths_list": "2020-01-22",
    "min_days": 0,
    "score": 3
}