{
    "country": "Argentina",
    "total_population": 45195774,
    "max_days": 110,
    "simulation": {
        "n_simulations": 1300000,
        "n_executions": 1
    },
    "params": {
        "offset": {
            "min": 0,
            "max": 12.2
        },
        "permeability": {
            "min": 0.5593713470223589,
            "max": 1
        },
        "lambda": {
            "min": 0.03413935592469368,
            "max": 0.06273303146340282
        },
        "IFR": {
            "min": 0.007,
            "max": 0.013
        },
        "what": {
            "min": 0.0625,
            "max": 0.16666666666666666
        },
        "initial_i": {
            "min": 0,
            "max": 2.072125256975155e-07
        }
    },
    "fixed_params": {
        "home_size": 3.3,
        "k_average_active": 14.116284574031162,
        "k_average_confined": 3.838334220639105,
        "mu": 0.23809523809523808,
        "eta": 0.1923076923076923,
        "what": 0.091
    },
    "first_day_deaths_list": "2020-01-22",
    "min_days": 0,
    "score": 3
}