{
    "country": "Argentina",
    "total_population": 45195774,
    "max_days": 150,
    "simulation": {
        "n_simulations": 1300000,
        "n_executions": 1
    },
    "params": {
        "offset": {
            "min": 3,
            "max": 5.0
        },
        "permeability": {
            "min": 0.7636255225884567,
            "max": 1
        },
        "lambda": {
            "min": 0.04559101786300566,
            "max": 0.0580333505587079
        },
        "IFR": {
            "min": 0.007,
            "max": 0.013
        },
        "what": {
            "min": 0.1316705585480479,
            "max": 0.16666666666666666
        },
        "initial_i": {
            "min": 1.478543704685251e-09,
            "max": 3.969704262449694e-08
        }
    },
    "fixed_params": {
        "home_size": 3.3,
        "k_average_active": 14.116284574031162,
        "k_average_confined": 3.838334220639105,
        "mu": 0.23809523809523808,
        "eta": 0.1923076923076923
    },
    "first_day_deaths_list": "2020-01-22",
    "min_days": 0,
    "score": 3
}