{
    "country": "Austria",
    "total_population": 9006398,
    "max_days": 110,
    "simulation": {
        "n_simulations": 1300000,
        "n_executions": 1
    },
    "params": {
        "offset": {
            "min": 0,
            "max": 20
        },
        "permeability": {
            "min": 0,
            "max": 0.3146643624457632
        },
        "lambda": {
            "min": 0.027876367549916403,
            "max": 0.05461706596909221
        },
        "IFR": {
            "min": 0.007,
            "max": 0.013
        },
        "what": {
            "min": 0.08170049542853274,
            "max": 0.16666666666666666
        },
        "initial_i": {
            "min": 1.1281580830182371e-07,
            "max": 1.0909076299066778e-05
        }
    },
    "fixed_params": {
        "home_size": 2.3,
        "k_average_active": 12.475780778964538,
        "k_average_confined": 3.1271411741497257,
        "mu": 0.23809523809523808,
        "eta": 0.1923076923076923
    },
    "first_day_deaths_list": "2020-01-22",
    "min_days": 0,
    "score": 3
}