{
    "country": "Austria",
    "total_population": 9006398,
    "max_days": 90,
    "simulation": {
        "n_simulations": 1300000,
        "n_executions": 1
    },
    "params": {
        "offset": {
            "min": 5.666666666666667,
            "max": 14.333333333333334
        },
        "permeability": {
            "min": 0,
            "max": 0.35499314607996124
        },
        "lambda": {
            "min": 0.03911265936422054,
            "max": 0.07826913695867266
        },
        "IFR": {
            "min": 0.007,
            "max": 0.013
        },
        "what": {
            "min": 0.06452468648301801,
            "max": 0.16666666666666666
        },
        "initial_i": {
            "min": 0,
            "max": 2.0800908076044618e-06
        }
    },
    "fixed_params": {
        "home_size": 2.5,
        "k_average_active": 12.475780778964538,
        "k_average_confined": 3.1271411741497257,
        "mu": 0.23809523809523808,
        "eta": 0.1923076923076923,
        "what": 0.091
    },
    "first_day_deaths_list": "2020-01-22",
    "min_days": 0,
    "score": 3
}