{
    "country": "Austria",
    "total_population": 9006398,
    "max_days": 90,
    "simulation": {
        "n_simulations": 1500000,
        "n_executions": 1
    },
    "params": {
        "offset": {
            "min": 4.0,
            "max": 10.5
        },
        "permeability": {
            "min": 0,
            "max": 0.04000519509812183
        },
        "lambda": {
            "min": 0.07610182070952815,
            "max": 0.07920451192672633
        },
        "IFR": {
            "min": 0.007,
            "max": 0.013
        },
        "what": {
            "min": 0.12731047696984127,
            "max": 0.16666666666666666
        },
        "initial_i": {
            "min": 0,
            "max": 1.3886848758975015e-07
        }
    },
    "fixed_params": {
        "home_size": 2.5,
        "k_average_active": 12.475780778964538,
        "k_average_confined": 3.1271411741497257,
        "mu": 0.23809523809523808,
        "eta": 0.1923076923076923,
        "what": 0.091
    },
    "first_day_deaths_list": "2020-01-22",
    "min_days": 0,
    "score": 2
}