{
    "country": "Austria",
    "total_population": 9006398,
    "max_days": 110,
    "simulation": {
        "n_simulations": 1300000,
        "n_executions": 1
    },
    "params": {
        "offset": {
            "min": 11.5,
            "max": 17.5
        },
        "permeability": {
            "min": 0,
            "max": 0.03483298881268491
        },
        "lambda": {
            "min": 0.045319067296451195,
            "max": 0.05410711749801737
        },
        "IFR": {
            "min": 0.007,
            "max": 0.013
        },
        "what": {
            "min": 0.1370475252865725,
            "max": 0.16666666666666666
        },
        "initial_i": {
            "min": 2.262745958457299e-07,
            "max": 5.155739156667158e-06
        }
    },
    "fixed_params": {
        "home_size": 2.3,
        "k_average_active": 12.475780778964538,
        "k_average_confined": 3.1271411741497257,
        "mu": 0.23809523809523808,
        "eta": 0.1923076923076923
    },
    "first_day_deaths_list": "2020-01-22",
    "min_days": 0,
    "score": 3
}