{
    "country": "Bangladesh",
    "total_population": 164689383,
    "max_days": 130,
    "simulation": {
        "n_simulations": 1300000,
        "n_executions": 1
    },
    "params": {
        "offset": {
            "min": 6,
            "max": 19.2
        },
        "permeability": {
            "min": 0.3609604710548504,
            "max": 1
        },
        "lambda": {
            "min": 0.0313768117299409,
            "max": 0.05622352652854471
        },
        "IFR": {
            "min": 0.007,
            "max": 0.013
        },
        "what": {
            "min": 0.0625,
            "max": 0.16666666666666666
        },
        "initial_i": {
            "min": 3.085854029136321e-10,
            "max": 3.186318255979238e-08
        }
    },
    "fixed_params": {
        "home_size": 4.5,
        "k_average_active": 16.341207852033538,
        "k_average_confined": 3.548043365396992,
        "mu": 0.23809523809523808,
        "eta": 0.1923076923076923
    },
    "first_day_deaths_list": "2020-01-22",
    "min_days": 0,
    "score": 3
}