{
    "country": "Bangladesh",
    "total_population": 164689383,
    "max_days": 125,
    "simulation": {
        "n_simulations": 1500000,
        "n_executions": 1
    },
    "params": {
        "offset": {
            "min": 0,
            "max": 20
        },
        "permeability": {
            "min": 0.37452010788458223,
            "max": 1
        },
        "lambda": {
            "min": 0.03607699394680299,
            "max": 0.05981121228719506
        },
        "IFR": {
            "min": 0.007,
            "max": 0.013
        },
        "what": {
            "min": 0.12189583333463422,
            "max": 0.16666666666666666
        },
        "initial_i": {
            "min": 0,
            "max": 1.987443400625722e-09
        }
    },
    "fixed_params": {
        "home_size": 2.5,
        "k_average_active": 16.341207852033538,
        "k_average_confined": 3.548043365396992,
        "mu": 0.23809523809523808,
        "eta": 0.1923076923076923,
        "what": 0.091
    },
    "first_day_deaths_list": "2020-01-22",
    "min_days": 0,
    "score": 3
}