{
    "country": "Bangladesh",
    "total_population": 164689383,
    "max_days": 130,
    "simulation": {
        "n_simulations": 1300000,
        "n_executions": 1
    },
    "params": {
        "offset": {
            "min": 7.5,
            "max": 14.5
        },
        "permeability": {
            "min": 0.434609830129526,
            "max": 1
        },
        "lambda": {
            "min": 0.037821778036872714,
            "max": 0.05248223229062809
        },
        "IFR": {
            "min": 0.007,
            "max": 0.013
        },
        "what": {
            "min": 0.0625,
            "max": 0.16666666666666666
        },
        "initial_i": {
            "min": 6.827094322041952e-11,
            "max": 2.9981586629757472e-09
        }
    },
    "fixed_params": {
        "home_size": 4.5,
        "k_average_active": 16.341207852033538,
        "k_average_confined": 3.548043365396992,
        "mu": 0.23809523809523808,
        "eta": 0.1923076923076923
    },
    "first_day_deaths_list": "2020-01-22",
    "min_days": 0,
    "score": 3
}