{
    "country": "Belgium",
    "total_population": 11589623,
    "max_days": 110,
    "simulation": {
        "n_simulations": 1300000,
        "n_executions": 1
    },
    "params": {
        "offset": {
            "min": 9.5,
            "max": 14.5
        },
        "permeability": {
            "min": 0,
            "max": 0.10814430611049689
        },
        "lambda": {
            "min": 0.04977478947733707,
            "max": 0.07558756277657971
        },
        "IFR": {
            "min": 0.007,
            "max": 0.013
        },
        "what": {
            "min": 0.11927956244758439,
            "max": 0.16666666666666666
        },
        "initial_i": {
            "min": 2.4921994112456896e-07,
            "max": 1.3436708262761433e-05
        }
    },
    "fixed_params": {
        "home_size": 2.3,
        "k_average_active": 11.382088945698742,
        "k_average_confined": 2.875559844377344,
        "mu": 0.23809523809523808,
        "eta": 0.1923076923076923
    },
    "first_day_deaths_list": "2020-01-22",
    "min_days": 0,
    "score": 3
}