{
    "country": "Belgium",
    "total_population": 11589623,
    "max_days": 90,
    "simulation": {
        "n_simulations": 1500000,
        "n_executions": 1
    },
    "params": {
        "offset": {
            "min": 2.75,
            "max": 10.25
        },
        "permeability": {
            "min": 0,
            "max": 0.3434099443146591
        },
        "lambda": {
            "min": 0.08339668644374623,
            "max": 0.11168249024436143
        },
        "IFR": {
            "min": 0.007,
            "max": 0.013
        },
        "what": {
            "min": 0.07206101632548984,
            "max": 0.16666666666666666
        },
        "initial_i": {
            "min": 0,
            "max": 1.1718948548104239e-06
        }
    },
    "fixed_params": {
        "home_size": 2.5,
        "k_average_active": 11.382088945698742,
        "k_average_confined": 2.875559844377344,
        "mu": 0.23809523809523808,
        "eta": 0.1923076923076923,
        "what": 0.091
    },
    "first_day_deaths_list": "2020-01-22",
    "min_days": 0,
    "score": 2
}