{
    "country": "Belgium",
    "total_population": 11589623,
    "max_days": 110,
    "simulation": {
        "n_simulations": 1300000,
        "n_executions": 1
    },
    "params": {
        "offset": {
            "min":0,
            "max": 20
        },
        "permeability": {
            "min": 0,
            "max": 1
        },
        "lambda": {
            "min": 0.015687257508222313,
            "max": 0.10427969369425595
        },
        "IFR": {
            "min": 0.007,
            "max": 0.013
        },
        "what": {
            "min": 0.09737461792091043,
            "max": 0.16666666666666666
        },
        "initial_i": {
            "min": 1.7555228076159392e-07,
            "max": 5.2748756447266077e-05
        }
    },
    "fixed_params": {
        "home_size": 2.3,
        "k_average_active": 11.382088945698742,
        "k_average_confined": 2.875559844377344,
        "mu": 0.23809523809523808,
        "eta": 0.1923076923076923
    },
    "first_day_deaths_list": "2020-01-22",
    "min_days": 0,
    "score": 3
}