{
    "country": "Belgium",
    "total_population": 11589623,
    "max_days": 90,
    "simulation": {
        "n_simulations": 1300000,
        "n_executions": 1
    },
    "params": {
        "offset": {
            "min": 4.75,
            "max": 15.5
        },
        "permeability": {
            "min": 0,
            "max": 0.7370187395060049
        },
        "lambda": {
            "min": 0.038850057097256176,
            "max": 0.09851054516584534
        },
        "IFR": {
            "min": 0.007,
            "max": 0.013
        },
        "what": {
            "min": 0.0625,
            "max": 0.16666666666666666
        },
        "initial_i": {
            "min": 0,
            "max": 8.419161140937047e-06
        }
    },
    "fixed_params": {
        "home_size": 2.5,
        "k_average_active": 11.382088945698742,
        "k_average_confined": 2.875559844377344,
        "mu": 0.23809523809523808,
        "eta": 0.1923076923076923,
        "what": 0.091
    },
    "first_day_deaths_list": "2020-01-22",
    "min_days": 0,
    "score": 1
}