{
    "country": "Bolivia (Plurinational State of",
    "total_population": 11673021,
    "max_days": 150,
    "simulation": {
        "n_simulations": 1300000,
        "n_executions": 1
    },
    "params": {
        "offset": {
            "min": 9.9,
            "max": 20
        },
        "permeability": {
            "min": 0.6693585374687578,
            "max": 1
        },
        "lambda": {
            "min": 0.04812901557840119,
            "max": 0.07119500691954321
        },
        "IFR": {
            "min": 0.007,
            "max": 0.013
        },
        "what": {
            "min": 0.0625,
            "max": 0.1620509869217142
        },
        "initial_i": {
            "min": 0,
            "max": 5.13539611529085e-09
        }
    },
    "fixed_params": {
        "home_size": 2.5,
        "k_average_active": 17.03589428678526,
        "k_average_confined": 3.029082531014989,
        "mu": 0.23809523809523808,
        "eta": 0.1923076923076923,
        "what": 0.091
    },
    "first_day_deaths_list": "2020-01-22",
    "min_days": 0,
    "score": 3
}