{
    "country": "Bulgaria",
    "total_population": 6948445,
    "max_days": 110,
    "simulation": {
        "n_simulations": 1300000,
        "n_executions": 1
    },
    "params": {
        "offset": {
            "min": 10.8125,
            "max": 15.0
        },
        "permeability": {
            "min": 0,
            "max": 0.09500100368141562
        },
        "lambda": {
            "min": 0.04869237612432984,
            "max": 0.05309445302427233
        },
        "IFR": {
            "min": 0.007,
            "max": 0.013
        },
        "what": {
            "min": 0.0858637940627993,
            "max": 0.16666666666666666
        },
        "initial_i": {
            "min": 1.5210580095310356e-08,
            "max": 2.8063619090993335e-07
        }
    },
    "fixed_params": {
        "home_size": 2.3,
        "k_average_active": 12.732037984880558,
        "k_average_confined": 4.0643930362495375,
        "mu": 0.23809523809523808,
        "eta": 0.1923076923076923
    },
    "first_day_deaths_list": "2020-01-22",
    "min_days": 0,
    "score": 3
}