{
    "country": "Bulgaria",
    "total_population": 6948445,
    "max_days": 110,
    "simulation": {
        "n_simulations": 1500000,
        "n_executions": 1
    },
    "params": {
        "offset": {
            "min": 4.5,
            "max": 16.25
        },
        "permeability": {
            "min": 0,
            "max": 0.023764826182304584
        },
        "lambda": {
            "min": 0.055886862098061964,
            "max": 0.05645223410501811
        },
        "IFR": {
            "min": 0.007863561142187517,
            "max": 0.013
        },
        "what": {
            "min": 0.12405658092924161,
            "max": 0.16666666666666666
        },
        "initial_i": {
            "min": 0,
            "max": 1.3634160182577523e-07
        }
    },
    "fixed_params": {
        "home_size": 2.5,
        "k_average_active": 12.732037984880558,
        "k_average_confined": 4.0643930362495375,
        "mu": 0.23809523809523808,
        "eta": 0.1923076923076923,
        "what": 0.091
    },
    "first_day_deaths_list": "2020-01-22",
    "min_days": 0,
    "score": 3
}