{
    "country": "Bulgaria",
    "total_population": 6948445,
    "max_days": 110,
    "simulation": {
        "n_simulations": 1300000,
        "n_executions": 1
    },
    "params": {
        "offset": {
            "min": 8.666666666666666,
            "max": 20
        },
        "permeability": {
            "min": 0,
            "max": 1
        },
        "lambda": {
            "min": 0.031657055449084474,
            "max": 0.05245215643566064
        },
        "IFR": {
            "min": 0.007,
            "max": 0.013
        },
        "what": {
            "min": 0.0625,
            "max": 0.16666666666666666
        },
        "initial_i": {
            "min": 9.492725228909279e-09,
            "max": 5.717419683931079e-07
        }
    },
    "fixed_params": {
        "home_size": 2.3,
        "k_average_active": 12.732037984880558,
        "k_average_confined": 4.0643930362495375,
        "mu": 0.23809523809523808,
        "eta": 0.1923076923076923
    },
    "first_day_deaths_list": "2020-01-22",
    "min_days": 0,
    "score": 3
}