{
    "country": "Canada",
    "total_population": 37742154,
    "max_days": 110,
    "simulation": {
        "n_simulations": 1300000,
        "n_executions": 1
    },
    "params": {
        "offset": {
            "min": 16.5,
            "max": 20
        },
        "permeability": {
            "min": 0,
            "max": 0.10622176974828
        },
        "lambda": {
            "min": 0.046889304053896665,
            "max": 0.05492342436543999
        },
        "IFR": {
            "min": 0.007,
            "max": 0.013
        },
        "what": {
            "min": 0.10031354138580398,
            "max": 0.16666666666666666
        },
        "initial_i": {
            "min": 9.199754549901405e-08,
            "max": 2.173352192157884e-06
        }
    },
    "fixed_params": {
        "home_size": 2.3,
        "k_average_active": 12.567023181192504,
        "k_average_confined": 3.097499058520805,
        "mu": 0.23809523809523808,
        "eta": 0.1923076923076923
    },
    "first_day_deaths_list": "2020-01-22",
    "min_days": 0,
    "score": 1
}