{
    "country": "Canada",
    "total_population": 37742154,
    "max_days": 110,
    "simulation": {
        "n_simulations": 1300000,
        "n_executions": 1
    },
    "params": {
        "offset": {
            "min": 14.5,
            "max": 20
        },
        "permeability": {
            "min": 0,
            "max": 0.265312948050032
        },
        "lambda": {
            "min": 0.045365723220043494,
            "max": 0.05672258496407094
        },
        "IFR": {
            "min": 0.007,
            "max": 0.013
        },
        "what": {
            "min": 0.0625,
            "max": 0.16666666666666666
        },
        "initial_i": {
            "min": 0,
            "max": 6.32463084977179e-06
        }
    },
    "fixed_params": {
        "home_size": 2.5,
        "k_average_active": 12.567023181192504,
        "k_average_confined": 3.097499058520805,
        "mu": 0.23809523809523808,
        "eta": 0.1923076923076923,
        "what": 0.091
    },
    "first_day_deaths_list": "2020-01-22",
    "min_days": 0,
    "score": 1
}