{
    "country": "Chile",
    "total_population": 19116201,
    "max_days": 130,
    "simulation": {
        "n_simulations": 1300000,
        "n_executions": 1
    },
    "params": {
        "offset": {
            "min": 5,
            "max": 14.25
        },
        "permeability": {
            "min": 0,
            "max": 0.5531975752976837
        },
        "lambda": {
            "min": 0.05829222285420886,
            "max": 0.06525784670920005
        },
        "IFR": {
            "min": 0.007,
            "max": 0.013
        },
        "what": {
            "min": 0.08239597365198328,
            "max": 0.16666666666666666
        },
        "initial_i": {
            "min": 4.2090100791349457e-10,
            "max": 1.0277681423865528e-08
        }
    },
    "fixed_params": {
        "home_size": 3.6,
        "k_average_active": 13.708551257990292,
        "k_average_confined": 3.6595789479804974,
        "mu": 0.23809523809523808,
        "eta": 0.1923076923076923
    },
    "first_day_deaths_list": "2020-01-22",
    "min_days": 0,
    "score": 3
}