{
    "country": "Chile",
    "total_population": 19116201,
    "max_days": 130,
    "simulation": {
        "n_simulations": 1500000,
        "n_executions": 1
    },
    "params": {
        "offset": {
            "min": 0,
            "max": 20
        },
        "permeability": {
            "min": 0,
            "max": 0.6861309954963675
        },
        "lambda": {
            "min": 0.05543451696619476,
            "max": 0.07589669459830978
        },
        "IFR": {
            "min": 0.007,
            "max": 0.013
        },
        "what": {
            "min": 0.08182337700256662,
            "max": 0.16666666666666666
        },
        "initial_i": {
            "min": 0,
            "max": 2.1691775349440188e-08
        }
    },
    "fixed_params": {
        "home_size": 2.5,
        "k_average_active": 13.708551257990292,
        "k_average_confined": 3.6595789479804974,
        "mu": 0.23809523809523808,
        "eta": 0.1923076923076923,
        "what": 0.091
    },
    "first_day_deaths_list": "2020-01-22",
    "min_days": 0,
    "score": 3
}