{
    "country": "Colombia",
    "total_population": 50882891,
    "max_days": 150,
    "simulation": {
        "n_simulations": 1500000,
        "n_executions": 1
    },
    "params": {
        "offset": {
            "min": 5.833333333333334,
            "max": 20
        },
        "permeability": {
            "min": 0.3340346358033176,
            "max": 1
        },
        "lambda": {
            "min": 0.04828890753278204,
            "max": 0.06345351403653933
        },
        "IFR": {
            "min": 0.007,
            "max": 0.013
        },
        "what": {
            "min": 0.0625,
            "max": 0.16666666666666666
        },
        "initial_i": {
            "min": 0,
            "max": 5.618483719202863e-08
        }
    },
    "fixed_params": {
        "home_size": 2.5,
        "k_average_active": 15.259672821995764,
        "k_average_confined": 3.596725383901153,
        "mu": 0.23809523809523808,
        "eta": 0.1923076923076923,
        "what": 0.091
    },
    "first_day_deaths_list": "2020-01-22",
    "min_days": 0,
    "score": 3
}