{
    "country": "Colombia",
    "total_population": 50882891,
    "max_days": 150,
    "simulation": {
        "n_simulations": 1300000,
        "n_executions": 1
    },
    "params": {
        "offset": {
            "min": 5,
            "max": 20
        },
        "permeability": {
            "min": 0,
            "max": 1
        },
        "lambda": {
            "min": 0.010808086797762698,
            "max": 0.1003741778816398
        },
        "IFR": {
            "min": 0.007,
            "max": 0.013
        },
        "what": {
            "min": 0.0625,
            "max": 0.16666666666666666
        },
        "initial_i": {
            "min": 2.197112743792036e-10,
            "max": 5.75729840081586e-08
        }
    },
    "fixed_params": {
        "home_size": 3.5,
        "k_average_active": 15.259672821995764,
        "k_average_confined": 3.596725383901153,
        "mu": 0.23809523809523808,
        "eta": 0.1923076923076923
    },
    "first_day_deaths_list": "2020-01-22",
    "min_days": 0,
    "score": 3
}