{
    "country": "Egypt",
    "total_population": 102334404,
    "max_days": 130,
    "simulation": {
        "n_simulations": 1300000,
        "n_executions": 1
    },
    "params": {
        "offset": {
            "min": 10.5,
            "max": 20
        },
        "permeability": {
            "min": 0,
            "max": 0.6631729742863732
        },
        "lambda": {
            "min": 0.028355219933906745,
            "max": 0.038737916471391916
        },
        "IFR": {
            "min": 0.007,
            "max": 0.013
        },
        "what": {
            "min": 0.0625,
            "max": 0.16666666666666666
        },
        "initial_i": {
            "min": 7.524104365453893e-08,
            "max": 3.0900473620882334e-06
        }
    },
    "fixed_params": {
        "home_size": 4.1,
        "k_average_active": 15.671034973228922,
        "k_average_confined": 3.641190775554021,
        "mu": 0.23809523809523808,
        "eta": 0.1923076923076923
    },
    "first_day_deaths_list": "2020-01-22",
    "min_days": 0,
    "score": 2
}