{
    "country": "Egypt",
    "total_population": 102334404,
    "max_days": 130,
    "simulation": {
        "n_simulations": 1300000,
        "n_executions": 1
    },
    "params": {
        "offset": {
            "min": 10.5,
            "max": 12.0
        },
        "permeability": {
            "min": 0,
            "max": 0.11615016140164516
        },
        "lambda": {
            "min": 0.03917462830760038,
            "max": 0.03976549107258822
        },
        "IFR": {
            "min": 0.007,
            "max": 0.013
        },
        "what": {
            "min": 0.14502803249482135,
            "max": 0.16666666666666666
        },
        "initial_i": {
            "min": 6.114398853353443e-09,
            "max": 9.145947660715243e-08
        }
    },
    "fixed_params": {
        "home_size": 4.1,
        "k_average_active": 15.671034973228922,
        "k_average_confined": 3.641190775554021,
        "mu": 0.23809523809523808,
        "eta": 0.1923076923076923
    },
    "first_day_deaths_list": "2020-01-22",
    "min_days": 0,
    "score": 2
}