{
    "country": "Egypt",
    "total_population": 102334404,
    "max_days": 135,
    "simulation": {
        "n_simulations": 1500000,
        "n_executions": 1
    },
    "params": {
        "offset": {
            "min": 2.833333333333334,
            "max": 19.25
        },
        "permeability": {
            "min": 0,
            "max": 0.4243262500727038
        },
        "lambda": {
            "min": 0.036032718113010544,
            "max": 0.04276769065366209
        },
        "IFR": {
            "min": 0.008593530682672448,
            "max": 0.013
        },
        "what": {
            "min": 0.1417698902575773,
            "max": 0.16666666666666666
        },
        "initial_i": {
            "min": 0,
            "max": 2.2378999841464424e-07
        }
    },
    "fixed_params": {
        "home_size": 2.5,
        "k_average_active": 15.671034973228922,
        "k_average_confined": 3.641190775554021,
        "mu": 0.23809523809523808,
        "eta": 0.1923076923076923,
        "what": 0.091
    },
    "first_day_deaths_list": "2020-01-22",
    "min_days": 0,
    "score": 3
}