{
    "country": "Egypt",
    "total_population": 102334404,
    "max_days": 135,
    "simulation": {
        "n_simulations": 1300000,
        "n_executions": 1
    },
    "params": {
        "offset": {
            "min": 3.9,
            "max": 18.5
        },
        "permeability": {
            "min": 0,
            "max": 0.8108900030934934
        },
        "lambda": {
            "min": 0.030217810286004388,
            "max": 0.04197925460818569
        },
        "IFR": {
            "min": 0.008593530682672448,
            "max": 0.013
        },
        "what": {
            "min": 0.0625,
            "max": 0.16666666666666666
        },
        "initial_i": {
            "min": 0,
            "max": 4.555709912059322e-07
        }
    },
    "fixed_params": {
        "home_size": 2.5,
        "k_average_active": 15.671034973228922,
        "k_average_confined": 3.641190775554021,
        "mu": 0.23809523809523808,
        "eta": 0.1923076923076923,
        "what": 0.091
    },
    "first_day_deaths_list": "2020-01-22",
    "min_days": 0,
    "score": 3
}