{
    "country": "France",
    "total_population": 65273511,
    "max_days": 105,
    "simulation": {
        "n_simulations": 1300000,
        "n_executions": 1
    },
    "params": {
        "offset": {
            "min": 8.5,
            "max": 19.1
        },
        "permeability": {
            "min": 0,
            "max": 0.18098995064109624
        },
        "lambda": {
            "min": 0.042302052327518797,
            "max": 0.09571269646350365
        },
        "IFR": {
            "min": 0.007,
            "max": 0.013
        },
        "what": {
            "min": 0.08165087982572808,
            "max": 0.16666666666666666
        },
        "initial_i": {
            "min": 1.0530368545455698e-08,
            "max": 4.713223114917826e-06
        }
    },
    "fixed_params": {
        "home_size": 2.3,
        "k_average_active": 11.78077057136881,
        "k_average_confined": 3.1001133892795587,
        "mu": 0.23809523809523808,
        "eta": 0.1923076923076923,
        "what": 0.091
    },
    "first_day_deaths_list": "2020-01-22",
    "min_days": 0,
    "score": 3
}