{
    "country": "France",
    "total_population": 65273511,
    "max_days": 105,
    "simulation": {
        "n_simulations": 1300000,
        "n_executions": 1
    },
    "params": {
        "offset": {
            "min": 8.5,
            "max": 12.5
        },
        "permeability": {
            "min": 0,
            "max": 0.05921851639399032
        },
        "lambda": {
            "min": 0.08017838626003383,
            "max": 0.09891376661278475
        },
        "IFR": {
            "min": 0.007,
            "max": 0.013
        },
        "what": {
            "min": 0.1327883574134085,
            "max": 0.16666666666666666
        },
        "initial_i": {
            "min": 4.612129646418981e-09,
            "max": 1.5043478441113735e-07
        }
    },
    "fixed_params": {
        "home_size": 2.3,
        "k_average_active": 11.78077057136881,
        "k_average_confined": 3.1001133892795587,
        "mu": 0.23809523809523808,
        "eta": 0.1923076923076923,
        "what": 0.091
    },
    "first_day_deaths_list": "2020-01-22",
    "min_days": 0,
    "score": 3
}