{
    "country": "France",
    "total_population": 65273511,
    "max_days": 105,
    "simulation": {
        "n_simulations": 1300000,
        "n_executions": 1
    },
    "params": {
        "offset": {
            "min": 5.8,
            "max": 19.0
        },
        "permeability": {
            "min": 0,
            "max": 0.1494944378125864
        },
        "lambda": {
            "min": 0.046086504850248566,
            "max": 0.1012230376386258
        },
        "IFR": {
            "min": 0.007,
            "max": 0.013
        },
        "what": {
            "min": 0.0906101622959667,
            "max": 0.16666666666666666
        },
        "initial_i": {
            "min": 0,
            "max": 1.7955737157843121e-06
        }
    },
    "fixed_params": {
        "home_size": 2.5,
        "k_average_active": 11.78077057136881,
        "k_average_confined": 3.1001133892795587,
        "mu": 0.23809523809523808,
        "eta": 0.1923076923076923,
        "what": 0.091
    },
    "first_day_deaths_list": "2020-01-22",
    "min_days": 0,
    "score": 3
}