{
    "country": "France",
    "total_population": 65273511,
    "max_days": 105,
    "simulation": {
        "n_simulations": 1500000,
        "n_executions": 1
    },
    "params": {
        "offset": {
            "min": 5.0,
            "max": 19.0
        },
        "permeability": {
            "min": 0,
            "max": 0.08013154575773199
        },
        "lambda": {
            "min": 0.04335917335104021,
            "max": 0.09910307579891837
        },
        "IFR": {
            "min": 0.007,
            "max": 0.013
        },
        "what": {
            "min": 0.13243419520893043,
            "max": 0.16666666666666666
        },
        "initial_i": {
            "min": 0,
            "max": 2.892229077863001e-06
        }
    },
    "fixed_params": {
        "home_size": 2.5,
        "k_average_active": 11.78077057136881,
        "k_average_confined": 3.1001133892795587,
        "mu": 0.23809523809523808,
        "eta": 0.1923076923076923,
        "what": 0.091
    },
    "first_day_deaths_list": "2020-01-22",
    "min_days": 0,
    "score": 3
}