{
    "country": "Germany",
    "total_population": 83783942.0,
    "max_days": 110,
    "simulation": {
        "n_simulations": 1300000,
        "n_executions": 1
    },
    "params": {
        "offset": {
            "min": 10.75,
            "max": 20
        },
        "permeability": {
            "min": 0,
            "max": 0.08094201085651828
        },
        "lambda": {
            "min": 0.07734859839673759,
            "max": 0.08041650377361419
        },
        "IFR": {
            "min": 0.007,
            "max": 0.013
        },
        "what": {
            "min": 0.09773512202004349,
            "max": 0.16666666666666666
        },
        "initial_i": {
            "min": 6.562850393156961e-07,
            "max": 6.129561726428335e-06
        }
    },
    "fixed_params": {
        "home_size": 2.5,
        "k_average_active": 6.860278209169456,
        "k_average_confined": 1.7923930825053689,
        "mu": 0.23809523809523808,
        "eta": 0.1923076923076923
    },
    "first_day_deaths_list": "2020-01-22",
    "min_days": 0,
    "score": 1
}