{
    "country": "Germany",
    "total_population": 83783942.0,
    "max_days": 90,
    "simulation": {
        "n_simulations": 1300000,
        "n_executions": 1
    },
    "params": {
        "offset": {
            "min": 11.0,
            "max": 12
        },
        "permeability": {
            "min": 0,
            "max": 0.07091178836190129
        },
        "lambda": {
            "min": 0.09006130973330705,
            "max": 0.09081278343857202
        },
        "IFR": {
            "min": 0.007,
            "max": 0.013
        },
        "what": {
            "min": 0.12717632888260658,
            "max": 0.16666666666666666
        },
        "initial_i": {
            "min": 1.22113672596255e-07,
            "max": 1.72135768028832e-06
        }
    },
    "fixed_params": {
        "home_size": 2.5,
        "k_average_active": 6.860278209169456,
        "k_average_confined": 1.7923930825053689,
        "mu": 0.23809523809523808,
        "eta": 0.1923076923076923
    },
    "first_day_deaths_list": "2020-01-22",
    "min_days": 0,
    "score": 1
}