{
    "country": "Greece",
    "total_population": 10423054,
    "max_days": 100,
    "simulation": {
        "n_simulations": 1300000,
        "n_executions": 1
    },
    "params": {
        "offset": {
            "min": 5,
            "max": 10.5
        },
        "permeability": {
            "min": 0,
            "max": 0.2131234037856397
        },
        "lambda": {
            "min": 0.04346541511081086,
            "max": 0.06161374801760798
        },
        "IFR": {
            "min": 0.007,
            "max": 0.013
        },
        "what": {
            "min": 0.09721862671039949,
            "max": 0.16666666666666666
        },
        "initial_i": {
            "min": 3.8589011539848e-08,
            "max": 1.8371864854736697e-06
        }
    },
    "fixed_params": {
        "home_size": 2.4,
        "k_average_active": 11.787158692188653,
        "k_average_confined": 3.1777322890561424,
        "mu": 0.23809523809523808,
        "eta": 0.1923076923076923,
        "what": 0.091
    },
    "first_day_deaths_list": "2020-01-22",
    "min_days": 0,
    "score": 3
}