{
    "country": "Greece",
    "total_population": 10423054,
    "max_days": 100,
    "simulation": {
        "n_simulations": 1300000,
        "n_executions": 1
    },
    "params": {
        "offset": {
            "min": 0,
            "max": 17.0
        },
        "permeability": {
            "min": 0,
            "max": 0.276173280799372
        },
        "lambda": {
            "min": 0.03867946003538711,
            "max": 0.06381501493344562
        },
        "IFR": {
            "min": 0.007,
            "max": 0.013
        },
        "what": {
            "min": 0.09024303908806212,
            "max": 0.16666666666666666
        },
        "initial_i": {
            "min": 0,
            "max": 1.9299750727881827e-06
        }
    },
    "fixed_params": {
        "home_size": 2.5,
        "k_average_active": 11.787158692188653,
        "k_average_confined": 3.1777322890561424,
        "mu": 0.23809523809523808,
        "eta": 0.1923076923076923,
        "what": 0.091
    },
    "first_day_deaths_list": "2020-01-22",
    "min_days": 0,
    "score": 3
}