{
    "country": "Guatemala",
    "total_population": 17915568,
    "max_days": 160,
    "simulation": {
        "n_simulations": 1300000,
        "n_executions": 1
    },
    "params": {
        "offset": {
            "min": 11.5,
            "max": 15
        },
        "permeability": {
            "min": 0,
            "max": 1
        },
        "lambda": {
            "min": 0.028825487126934557,
            "max": 0.05017624553943527
        },
        "IFR": {
            "min": 0.007,
            "max": 0.013
        },
        "what": {
            "min": 0.0625,
            "max": 0.16666666666666666
        },
        "initial_i": {
            "min": 1.2103719486376777e-10,
            "max": 9.678051516946637e-09
        }
    },
    "fixed_params": {
        "home_size": 4.8,
        "k_average_active": 18.98073830683683,
        "k_average_confined": 4.081338755955492,
        "mu": 0.23809523809523808,
        "eta": 0.1923076923076923,
        "what": 0.091
    },
    "first_day_deaths_list": "2020-01-22",
    "min_days": 0,
    "score": 2
}