{
    "country": "Guatemala",
    "total_population": 17915568,
    "max_days": 160,
    "simulation": {
        "n_simulations": 1300000,
        "n_executions": 1
    },
    "params": {
        "offset": {
            "min": 12.75,
            "max": 20
        },
        "permeability": {
            "min": 0,
            "max": 1
        },
        "lambda": {
            "min": 0.02860336500133929,
            "max": 0.05013652171803003
        },
        "IFR": {
            "min": 0.007,
            "max": 0.013
        },
        "what": {
            "min": 0.0625,
            "max": 0.16666666666666666
        },
        "initial_i": {
            "min": 0,
            "max": 1.0234928390305535e-08
        }
    },
    "fixed_params": {
        "home_size": 2.5,
        "k_average_active": 18.98073830683683,
        "k_average_confined": 4.081338755955492,
        "mu": 0.23809523809523808,
        "eta": 0.1923076923076923,
        "what": 0.091
    },
    "first_day_deaths_list": "2020-01-22",
    "min_days": 0,
    "score": 2
}