{
    "country": "Hungary",
    "total_population": 9660351,
    "max_days": 100,
    "simulation": {
        "n_simulations": 1300000,
        "n_executions": 1
    },
    "params": {
        "offset": {
            "min": 16.5,
            "max": 20.0
        },
        "permeability": {
            "min": 0,
            "max": 0.016558471791802774
        },
        "lambda": {
            "min": 0.04761670737330854,
            "max": 0.05326818872127132
        },
        "IFR": {
            "min": 0.007,
            "max": 0.013
        },
        "what": {
            "min": 0.15979486098817666,
            "max": 0.16666666666666666
        },
        "initial_i": {
            "min": 8.957599596382257e-08,
            "max": 1.7190234224671406e-06
        }
    },
    "fixed_params": {
        "home_size": 2.4,
        "k_average_active": 12.068153134063971,
        "k_average_confined": 3.4601398527982563,
        "mu": 0.23809523809523808,
        "eta": 0.1923076923076923,
        "what": 0.091
    },
    "first_day_deaths_list": "2020-01-22",
    "min_days": 0,
    "score": 2
}