{
    "country": "Indonesia",
    "total_population": 273523615,
    "max_days": 150,
    "simulation": {
        "n_simulations": 1300000,
        "n_executions": 1
    },
    "params": {
        "offset": {
            "min": 0,
            "max": 16.5
        },
        "permeability": {
            "min": 0,
            "max": 0.7514876452794474
        },
        "lambda": {
            "min": 0.025722353543188362,
            "max": 0.029940983236657802
        },
        "IFR": {
            "min": 0.010337384849635785,
            "max": 0.013
        },
        "what": {
            "min": 0.0625,
            "max": 0.16666666666666666
        },
        "initial_i": {
            "min": 2.25967971179861e-07,
            "max": 2.4781109112844188e-06
        }
    },
    "fixed_params": {
        "home_size": 4.0,
        "k_average_active": 15.259691257599249,
        "k_average_confined": 3.143199996333406,
        "mu": 0.23809523809523808,
        "eta": 0.1923076923076923,
        "what": 0.091
    },
    "first_day_deaths_list": "2020-01-22",
    "min_days": 0,
    "score": 3
}