{
    "country": "Indonesia",
    "total_population": 273523615,
    "max_days": 150,
    "simulation": {
        "n_simulations": 1300000,
        "n_executions": 1
    },
    "params": {
        "offset": {
            "min": 2.666666666666667,
            "max": 11.333333333333334
        },
        "permeability": {
            "min": 0,
            "max": 0.10844582048751975
        },
        "lambda": {
            "min": 0.02810266777840722,
            "max": 0.028823762361220764
        },
        "IFR": {
            "min": 0.010337384849635785,
            "max": 0.013
        },
        "what": {
            "min": 0.08930489419722848,
            "max": 0.16666666666666666
        },
        "initial_i": {
            "min": 5.880399875059239e-08,
            "max": 7.50546016252914e-07
        }
    },
    "fixed_params": {
        "home_size": 4.0,
        "k_average_active": 15.259691257599249,
        "k_average_confined": 3.143199996333406,
        "mu": 0.23809523809523808,
        "eta": 0.1923076923076923,
        "what": 0.091
    },
    "first_day_deaths_list": "2020-01-22",
    "min_days": 0,
    "score": 3
}