{
    "country": "Iraq",
    "total_population": 40222493,
    "max_days": 150,
    "simulation": {
        "n_simulations": 1300000,
        "n_executions": 1
    },
    "params": {
        "offset": {
            "min": 6.75,
            "max": 19.25
        },
        "permeability": {
            "min": 0,
            "max": 1
        },
        "lambda": {
            "min": 0.0315773845486878,
            "max": 0.03902336194044901
        },
        "IFR": {
            "min": 0.007,
            "max": 0.013
        },
        "what": {
            "min": 0.0625,
            "max": 0.16666666666666666
        },
        "initial_i": {
            "min": 7.493579199961454e-10,
            "max": 1.2908719833502006e-08
        }
    },
    "fixed_params": {
        "home_size": 7.7,
        "k_average_active": 20.63787584515522,
        "k_average_confined": 4.346731354851984,
        "mu": 0.23809523809523808,
        "eta": 0.1923076923076923,
        "what": 0.091
    },
    "first_day_deaths_list": "2020-01-22",
    "min_days": 0,
    "score": 3
}