{
    "country": "Ireland",
    "total_population": 4937786,
    "max_days": 100,
    "simulation": {
        "n_simulations": 1300000,
        "n_executions": 1
    },
    "params": {
        "offset": {
            "min": 9.0,
            "max": 15.0
        },
        "permeability": {
            "min": 0,
            "max": 0.04428454767737815
        },
        "lambda": {
            "min": 0.059286608383805624,
            "max": 0.07636974834264305
        },
        "IFR": {
            "min": 0.007,
            "max": 0.013
        },
        "what": {
            "min": 0.14268472706605564,
            "max": 0.16666666666666666
        },
        "initial_i": {
            "min": 1.6873168964615247e-08,
            "max": 5.776637585613714e-07
        }
    },
    "fixed_params": {
        "home_size": 2.7,
        "k_average_active": 12.469565788368415,
        "k_average_confined": 3.4347630697388145,
        "mu": 0.23809523809523808,
        "eta": 0.1923076923076923,
        "what": 0.091
    },
    "first_day_deaths_list": "2020-01-22",
    "min_days": 0,
    "score": 2
}