{
    "country": "Ireland",
    "total_population": 4937786,
    "max_days": 100,
    "simulation": {
        "n_simulations": 1300000,
        "n_executions": 1
    },
    "params": {
        "offset": {
            "min": 7.75,
            "max": 18.5
        },
        "permeability": {
            "min": 0,
            "max": 0.2110153537002139
        },
        "lambda": {
            "min": 0.040679626356396985,
            "max": 0.07687638250361323
        },
        "IFR": {
            "min": 0.007,
            "max": 0.013
        },
        "what": {
            "min": 0.09018210599461382,
            "max": 0.16666666666666666
        },
        "initial_i": {
            "min": 0,
            "max": 4.9968314074324496e-06
        }
    },
    "fixed_params": {
        "home_size": 2.5,
        "k_average_active": 12.469565788368415,
        "k_average_confined": 3.4347630697388145,
        "mu": 0.23809523809523808,
        "eta": 0.1923076923076923,
        "what": 0.091
    },
    "first_day_deaths_list": "2020-01-22",
    "min_days": 0,
    "score": 2
}