{
    "country": "Israel",
    "total_population": 8655535,
    "max_days": 100,
    "simulation": {
        "n_simulations": 1300000,
        "n_executions": 1
    },
    "params": {
        "offset": {
            "min": 7.75,
            "max": 20
        },
        "permeability": {
            "min": 0,
            "max": 0.2680894024135084
        },
        "lambda": {
            "min": 0.03087583499397925,
            "max": 0.06350943031073229
        },
        "IFR": {
            "min": 0.007,
            "max": 0.013
        },
        "what": {
            "min": 0.08421710349564636,
            "max": 0.16666666666666666
        },
        "initial_i": {
            "min": 0,
            "max": 2.0690839637906707e-06
        }
    },
    "fixed_params": {
        "home_size": 2.5,
        "k_average_active": 13.600965124491648,
        "k_average_confined": 3.8400617250846905,
        "mu": 0.23809523809523808,
        "eta": 0.1923076923076923,
        "what": 0.091
    },
    "first_day_deaths_list": "2020-01-22",
    "min_days": 0,
    "score": 3
}