{
    "country": "Israel",
    "total_population": 8655535,
    "max_days": 100,
    "simulation": {
        "n_simulations": 1300000,
        "n_executions": 1
    },
    "params": {
        "offset": {
            "min": 10.5,
            "max": 15.5
        },
        "permeability": {
            "min": 0,
            "max": 0.031063541639578206
        },
        "lambda": {
            "min": 0.04827677571210987,
            "max": 0.06319623594360144
        },
        "IFR": {
            "min": 0.007,
            "max": 0.013
        },
        "what": {
            "min": 0.1496283888961697,
            "max": 0.16666666666666666
        },
        "initial_i": {
            "min": 6.000404307293834e-09,
            "max": 2.1327666829725673e-07
        }
    },
    "fixed_params": {
        "home_size": 3.1,
        "k_average_active": 13.600965124491648,
        "k_average_confined": 3.8400617250846905,
        "mu": 0.23809523809523808,
        "eta": 0.1923076923076923,
        "what": 0.091
    },
    "first_day_deaths_list": "2020-01-22",
    "min_days": 0,
    "score": 3
}