{
    "country": "Italy",
    "total_population": 60461826,
    "max_days": 80,
    "simulation": {
        "n_simulations": 1300000,
        "n_executions": 1
    },
    "params": {
        "offset": {
            "min": 0,
            "max": 7.333333333333333
        },
        "permeability": {
            "min": 0,
            "max": 0.4731372750657377
        },
        "lambda": {
            "min": 0.041326228547472296,
            "max": 0.09269209385336773
        },
        "IFR": {
            "min": 0.008,
            "max": 0.012
        },
        "what": {
            "min": 0.0625,
            "max": 0.16666666666666666
        },
        "initial_i": {
            "min": 0,
            "max": 2.1763533440806665e-06
        }
    },
    "fixed_params": {
        "home_size": 2.5,
        "k_average_active": 14.36572149377492,
        "k_average_confined": 2.938776873980252,
        "mu": 0.23809523809523808,
        "eta": 0.1923076923076923,
        "what": 0.091
    },
    "first_day_deaths_list": "2020-01-22",
    "min_days": 0,
    "score": 3
}