{
    "country": "Japan",
    "total_population": 126476461,
    "max_days": 120,
    "simulation": {
        "n_simulations": 1300000,
        "n_executions": 1
    },
    "params": {
        "offset": {
            "min": 1.0,
            "max": 20
        },
        "permeability": {
            "min": 0,
            "max": 0.36307183179868835
        },
        "lambda": {
            "min": 0.03246980563034582,
            "max": 0.03728538717859786
        },
        "IFR": {
            "min": 0.007,
            "max": 0.013
        },
        "what": {
            "min": 0.0810889946354138,
            "max": 0.16666666666666666
        },
        "initial_i": {
            "min": 0,
            "max": 2.823091578459496e-06
        }
    },
    "fixed_params": {
        "home_size": 2.5,
        "k_average_active": 11.794838196660177,
        "k_average_confined": 3.1244687128984885,
        "mu": 0.23809523809523808,
        "eta": 0.1923076923076923,
        "what": 0.091
    },
    "first_day_deaths_list": "2020-01-22",
    "min_days": 0,
    "score": 1
}