{
    "country": "Japan",
    "total_population": 126476461,
    "max_days": 120,
    "simulation": {
        "n_simulations": 1300000,
        "n_executions": 1
    },
    "params": {
        "offset": {
            "min": 5.8,
            "max": 20
        },
        "permeability": {
            "min": 0,
            "max": 0.3502153271729891
        },
        "lambda": {
            "min": 0.03245217174162517,
            "max": 0.0371666614783419
        },
        "IFR": {
            "min": 0.007,
            "max": 0.013
        },
        "what": {
            "min": 0.08278552032422958,
            "max": 0.16666666666666666
        },
        "initial_i": {
            "min": 0,
            "max": 2.8055265317033248e-06
        }
    },
    "fixed_params": {
        "home_size": 2.5,
        "k_average_active": 11.794838196660177,
        "k_average_confined": 3.1244687128984885,
        "mu": 0.23809523809523808,
        "eta": 0.1923076923076923,
        "what": 0.091
    },
    "first_day_deaths_list": "2020-01-22",
    "min_days": 0,
    "score": 1
}