{
    "country": "Kuwait",
    "total_population": 4270571,
    "max_days": 150,
    "simulation": {
        "n_simulations": 1300000,
        "n_executions": 1
    },
    "params": {
        "offset": {
            "min": 0,
            "max": 20
        },
        "permeability": {
            "min": 0,
            "max": 0.34718562944956066
        },
        "lambda": {
            "min": 0.04724058022658061,
            "max": 0.0667112642450128
        },
        "IFR": {
            "min": 0.007,
            "max": 0.013
        },
        "what": {
            "min": 0.0625,
            "max": 0.16666666666666666
        },
        "initial_i": {
            "min": 0,
            "max": 1.1864829525419225e-08
        }
    },
    "fixed_params": {
        "home_size": 2.5,
        "k_average_active": 16.420023901639695,
        "k_average_confined": 4.160052264759305,
        "mu": 0.23809523809523808,
        "eta": 0.1923076923076923,
        "what": 0.091
    },
    "first_day_deaths_list": "2020-01-22",
    "min_days": 0,
    "score": 3
}