{
    "country": "Kuwait",
    "total_population": 4270571,
    "max_days": 150,
    "simulation": {
        "n_simulations": 1300000,
        "n_executions": 1
    },
    "params": {
        "offset": {
            "min": 4.75,
            "max": 17.25
        },
        "permeability": {
            "min": 0,
            "max": 0.31633892524737883
        },
        "lambda": {
            "min": 0.0485532654837799,
            "max": 0.06679385378767964
        },
        "IFR": {
            "min": 0.007,
            "max": 0.013
        },
        "what": {
            "min": 0.0641110616238603,
            "max": 0.16666666666666666
        },
        "initial_i": {
            "min": 0,
            "max": 9.920173565739874e-09
        }
    },
    "fixed_params": {
        "home_size": 2.5,
        "k_average_active": 16.420023901639695,
        "k_average_confined": 4.160052264759305,
        "mu": 0.23809523809523808,
        "eta": 0.1923076923076923,
        "what": 0.091
    },
    "first_day_deaths_list": "2020-01-22",
    "min_days": 0,
    "score": 3
}