{
    "country": "Kuwait",
    "total_population": 4270571,
    "max_days": 150,
    "simulation": {
        "n_simulations": 1300000,
        "n_executions": 1
    },
    "params": {
        "offset": {
            "min": 8.5,
            "max": 13.5
        },
        "permeability": {
            "min": 0,
            "max": 0.027639673640025158
        },
        "lambda": {
            "min": 0.06049133108622899,
            "max": 0.0664429508139578
        },
        "IFR": {
            "min": 0.007,
            "max": 0.013
        },
        "what": {
            "min": 0.14700668236558034,
            "max": 0.16666666666666666
        },
        "initial_i": {
            "min": 5.1118740651630944e-11,
            "max": 1.2542830564345394e-09
        }
    },
    "fixed_params": {
        "home_size": 5.8,
        "k_average_active": 16.420023901639695,
        "k_average_confined": 4.160052264759305,
        "mu": 0.23809523809523808,
        "eta": 0.1923076923076923,
        "what": 0.091
    },
    "first_day_deaths_list": "2020-01-22",
    "min_days": 0,
    "score": 3
}