{
    "country": "Luxembourg",
    "total_population": 625978,
    "max_days": 100,
    "simulation": {
        "n_simulations": 1300000,
        "n_executions": 1
    },
    "params": {
        "offset": {
            "min": 0.875,
            "max": 20
        },
        "permeability": {
            "min": 0,
            "max": 0.46881757964410875
        },
        "lambda": {
            "min": 0.02482887886593587,
            "max": 0.0505496435276406
        },
        "IFR": {
            "min": 0.007,
            "max": 0.013
        },
        "what": {
            "min": 0.06524825275901475,
            "max": 0.16666666666666666
        },
        "initial_i": {
            "min": 0,
            "max": 2.0459540601840384e-05
        }
    },
    "fixed_params": {
        "home_size": 2.5,
        "k_average_active": 16.374556317252853,
        "k_average_confined": 3.4590991377495497,
        "mu": 0.23809523809523808,
        "eta": 0.1923076923076923,
        "what": 0.091
    },
    "first_day_deaths_list": "2020-01-22",
    "min_days": 0,
    "score": 1
}