{
    "country": "Luxembourg",
    "total_population": 625978,
    "max_days": 100,
    "simulation": {
        "n_simulations": 1300000,
        "n_executions": 1
    },
    "params": {
        "offset": {
            "min": 4.9,
            "max": 17.25
        },
        "permeability": {
            "min": 0,
            "max": 0.42298449421314954
        },
        "lambda": {
            "min": 0.02604128912140772,
            "max": 0.05026952307546801
        },
        "IFR": {
            "min": 0.007,
            "max": 0.013
        },
        "what": {
            "min": 0.07037118041757359,
            "max": 0.16666666666666666
        },
        "initial_i": {
            "min": 0,
            "max": 1.6766284184254473e-05
        }
    },
    "fixed_params": {
        "home_size": 2.5,
        "k_average_active": 16.374556317252853,
        "k_average_confined": 3.4590991377495497,
        "mu": 0.23809523809523808,
        "eta": 0.1923076923076923,
        "what": 0.091
    },
    "first_day_deaths_list": "2020-01-22",
    "min_days": 0,
    "score": 3
}