{
    "country": "Luxembourg",
    "total_population": 625978,
    "max_days": 100,
    "simulation": {
        "n_simulations": 1300000,
        "n_executions": 1
    },
    "params": {
        "offset": {
            "min": 5.75,
            "max": 16.5
        },
        "permeability": {
            "min": 0,
            "max": 0.40038793352477414
        },
        "lambda": {
            "min": 0.027335238100102577,
            "max": 0.049699166987287394
        },
        "IFR": {
            "min": 0.007,
            "max": 0.013
        },
        "what": {
            "min": 0.07302714224320264,
            "max": 0.16666666666666666
        },
        "initial_i": {
            "min": 1.832318873542511e-07,
            "max": 2.0200446811846585e-05
        }
    },
    "fixed_params": {
        "home_size": 4.6,
        "k_average_active": 16.374556317252853,
        "k_average_confined": 3.4590991377495497,
        "mu": 0.23809523809523808,
        "eta": 0.1923076923076923,
        "what": 0.091
    },
    "first_day_deaths_list": "2020-01-22",
    "min_days": 0,
    "score": 3
}