{
    "country": "Malaysia",
    "total_population": 32365999,
    "max_days": 90,
    "simulation": {
        "n_simulations": 1300000,
        "n_executions": 1
    },
    "params": {
        "offset": {
            "min": 0,
            "max": 6.333333333333333
        },
        "permeability": {
            "min": 0,
            "max": 0.14827199886658682
        },
        "lambda": {
            "min": 0.03356329949146084,
            "max": 0.05276901094187911
        },
        "IFR": {
            "min": 0.007,
            "max": 0.013
        },
        "what": {
            "min": 0.12060863652853067,
            "max": 0.16666666666666666
        },
        "initial_i": {
            "min": 0,
            "max": 1.4752246396075276e-07
        }
    },
    "fixed_params": {
        "home_size": 2.5,
        "k_average_active": 15.403149800555456,
        "k_average_confined": 3.5929376782427984,
        "mu": 0.23809523809523808,
        "eta": 0.1923076923076923,
        "what": 0.091
    },
    "first_day_deaths_list": "2020-01-22",
    "min_days": 0,
    "score": 3
}