{
    "country": "Malaysia",
    "total_population": 32365999,
    "max_days": 90,
    "simulation": {
        "n_simulations": 1300000,
        "n_executions": 1
    },
    "params": {
        "offset": {
            "min": 0,
            "max": 9.0
        },
        "permeability": {
            "min": 0,
            "max": 0.1585641889732856
        },
        "lambda": {
            "min": 0.03291405441649162,
            "max": 0.052289018808787766
        },
        "IFR": {
            "min": 0.007,
            "max": 0.013
        },
        "what": {
            "min": 0.1169700749704341,
            "max": 0.16666666666666666
        },
        "initial_i": {
            "min": 0,
            "max": 1.706545793959351e-07
        }
    },
    "fixed_params": {
        "home_size": 2.5,
        "k_average_active": 15.403149800555456,
        "k_average_confined": 3.5929376782427984,
        "mu": 0.23809523809523808,
        "eta": 0.1923076923076923,
        "what": 0.091
    },
    "first_day_deaths_list": "2020-01-22",
    "min_days": 0,
    "score": 1
}