{
    "country": "Mexico",
    "total_population": 128932753,
    "max_days": 180,
    "simulation": {
        "n_simulations": 1300000,
        "n_executions": 1
    },
    "params": {
        "offset": {
            "min": 18.0,
            "max": 20
        },
        "permeability": {
            "min": 0,
            "max": 0.4579242363421791
        },
        "lambda": {
            "min": 0.03191162353361226,
            "max": 0.04459626384899837
        },
        "IFR": {
            "min": 0.007160211888660008,
            "max": 0.013
        },
        "what": {
            "min": 0.0625,
            "max": 0.11464062343136623
        },
        "initial_i": {
            "min": 0,
            "max": 5.0911999387417485e-06
        }
    },
    "fixed_params": {
        "home_size": 2.5,
        "k_average_active": 15.421936004513563,
        "k_average_confined": 4.036690233405397,
        "mu": 0.23809523809523808,
        "eta": 0.1923076923076923,
        "what": 0.091
    },
    "first_day_deaths_list": "2020-01-22",
    "min_days": 0,
    "score": 3
}