{
    "country": "Mexico",
    "total_population": 128932753,
    "max_days": 180,
    "simulation": {
        "n_simulations": 1300000,
        "n_executions": 1
    },
    "params": {
        "offset": {
            "min": 19.0,
            "max": 20
        },
        "permeability": {
            "min": 0,
            "max": 0.0698326238063831
        },
        "lambda": {
            "min": 0.038912130127634906,
            "max": 0.04166160137144653
        },
        "IFR": {
            "min": 0.007160211888660008,
            "max": 0.012555379088952117
        },
        "what": {
            "min": 0.0625,
            "max": 0.07295337070243132
        },
        "initial_i": {
            "min": 9.191185688681352e-08,
            "max": 1.4867373905960865e-06
        }
    },
    "fixed_params": {
        "home_size": 3.7,
        "k_average_active": 15.421936004513563,
        "k_average_confined": 4.036690233405397,
        "mu": 0.23809523809523808,
        "eta": 0.1923076923076923,
        "what": 0.091
    },
    "first_day_deaths_list": "2020-01-22",
    "min_days": 0,
    "score": 2
}