{
    "country": "Mexico",
    "total_population": 128932753,
    "max_days": 180,
    "simulation": {
        "n_simulations": 1300000,
        "n_executions": 1
    },
    "params": {
        "offset": {
            "min": 16.0,
            "max": 20
        },
        "permeability": {
            "min": 0,
            "max": 0.5110167406605995
        },
        "lambda": {
            "min": 0.030872570231121537,
            "max": 0.04454798555968242
        },
        "IFR": {
            "min": 0.007160211888660008,
            "max": 0.013
        },
        "what": {
            "min": 0.0625,
            "max": 0.120148878965459
        },
        "initial_i": {
            "min": 0,
            "max": 5.6981806778679615e-06
        }
    },
    "fixed_params": {
        "home_size": 2.5,
        "k_average_active": 15.421936004513563,
        "k_average_confined": 4.036690233405397,
        "mu": 0.23809523809523808,
        "eta": 0.1923076923076923,
        "what": 0.091
    },
    "first_day_deaths_list": "2020-01-22",
    "min_days": 0,
    "score": 2
}