{
    "country": "Morocco",
    "total_population": 36910560,
    "max_days": 90,
    "simulation": {
        "n_simulations": 1300000,
        "n_executions": 1
    },
    "params": {
        "offset": {
            "min": 1.0,
            "max": 15.0
        },
        "permeability": {
            "min": 0,
            "max": 0.19867882034297601
        },
        "lambda": {
            "min": 0.033366825976299655,
            "max": 0.06792071750554937
        },
        "IFR": {
            "min": 0.007,
            "max": 0.013
        },
        "what": {
            "min": 0.10477087752714728,
            "max": 0.16666666666666666
        },
        "initial_i": {
            "min": 0,
            "max": 1.1573193570100333e-07
        }
    },
    "fixed_params": {
        "home_size": 2.5,
        "k_average_active": 14.301846738498533,
        "k_average_confined": 3.718421159105148,
        "mu": 0.23809523809523808,
        "eta": 0.1923076923076923,
        "what": 0.091
    },
    "first_day_deaths_list": "2020-01-22",
    "min_days": 0,
    "score": 1
}