{
    "country": "Morocco",
    "total_population": 36910560,
    "max_days": 90,
    "simulation": {
        "n_simulations": 1300000,
        "n_executions": 1
    },
    "params": {
        "offset": {
            "min": 6.0,
            "max": 9.5
        },
        "permeability": {
            "min": 0,
            "max": 0.02162861438589844
        },
        "lambda": {
            "min": 0.04816948978192222,
            "max": 0.0669585081795476
        },
        "IFR": {
            "min": 0.007,
            "max": 0.013
        },
        "what": {
            "min": 0.1572891669600166,
            "max": 0.16666666666666666
        },
        "initial_i": {
            "min": 3.372675329255403e-10,
            "max": 1.4734722334621431e-08
        }
    },
    "fixed_params": {
        "home_size": 4.6,
        "k_average_active": 14.301846738498533,
        "k_average_confined": 3.718421159105148,
        "mu": 0.23809523809523808,
        "eta": 0.1923076923076923,
        "what": 0.091
    },
    "first_day_deaths_list": "2020-01-22",
    "min_days": 0,
    "score": 2
}