{
    "country": "Morocco",
    "total_population": 36910560,
    "max_days": 90,
    "simulation": {
        "n_simulations": 1300000,
        "n_executions": 1
    },
    "params": {
        "offset": {
            "min": 5.5,
            "max": 10.5
        },
        "permeability": {
            "min": 0,
            "max": 0.061881158641216294
        },
        "lambda": {
            "min": 0.04579349049885871,
            "max": 0.06752355845346593
        },
        "IFR": {
            "min": 0.007,
            "max": 0.013
        },
        "what": {
            "min": 0.1413808262517309,
            "max": 0.16666666666666666
        },
        "initial_i": {
            "min": 0,
            "max": 4.074966520657341e-08
        }
    },
    "fixed_params": {
        "home_size": 2.5,
        "k_average_active": 14.301846738498533,
        "k_average_confined": 3.718421159105148,
        "mu": 0.23809523809523808,
        "eta": 0.1923076923076923,
        "what": 0.091
    },
    "first_day_deaths_list": "2020-01-22",
    "min_days": 0,
    "score": 2
}