{
    "country": "Netherlands",
    "total_population": 17134872,
    "max_days": 90,
    "simulation": {
        "n_simulations": 1300000,
        "n_executions": 1
    },
    "params": {
        "offset": {
            "min": 0,
            "max": 20
        },
        "permeability": {
            "min": 0,
            "max": 0.39737509087244377
        },
        "lambda": {
            "min": 0.04007871511824972,
            "max": 0.06333941146464664
        },
        "IFR": {
            "min": 0.007,
            "max": 0.013
        },
        "what": {
            "min": 0.0625,
            "max": 0.16666666666666666
        },
        "initial_i": {
            "min": 0,
            "max": 4.3589541331189815e-06
        }
    },
    "fixed_params": {
        "home_size": 2.5,
        "k_average_active": 13.93080969709268,
        "k_average_confined": 2.0434229296645405,
        "mu": 0.23809523809523808,
        "eta": 0.1923076923076923,
        "what": 0.091
    },
    "first_day_deaths_list": "2020-01-22",
    "min_days": 0,
    "score": 1
}