{
    "country": "Nigeria",
    "total_population": 206139589,
    "max_days": 150,
    "simulation": {
        "n_simulations": 2000000,
        "n_executions": 1
    },
    "params": {
        "offset": {
            "min": -2,
            "max": 20
        },
        "permeability": {
            "min": 0,
            "max": 1
        },
        "lambda": {
            "min": 0.018575015146612788,
            "max": 0.03132245279226083
        },
        "IFR": {
            "min": 0.007,
            "max": 0.013
        },
        "what": {
            "min": 0.0625,
            "max": 0.1620271955655412
        },
        "initial_i": {
            "min": 0,
            "max": 9.464979691706595e-08
        }
    },
    "fixed_params": {
        "home_size": 2.5,
        "k_average_active": 20.470588184821423,
        "k_average_confined": 4.161159449483226,
        "mu": 0.23809523809523808,
        "eta": 0.1923076923076923,
        "what": 0.091
    },
    "first_day_deaths_list": "2020-01-22",
    "min_days": 0,
    "score": 3
}