{
    "country": "Pakistan",
    "total_population": 220892340,
    "max_days": 130,
    "simulation": {
        "n_simulations": 1300000,
        "n_executions": 1
    },
    "params": {
        "offset": {
            "min": 13.5,
            "max": 20
        },
        "permeability": {
            "min": 0.23058052753571665,
            "max": 1
        },
        "lambda": {
            "min": 0.025945116134393896,
            "max": 0.038861877643902296
        },
        "IFR": {
            "min": 0.007,
            "max": 0.013
        },
        "what": {
            "min": 0.0625,
            "max": 0.14119083180863146
        },
        "initial_i": {
            "min": 0,
            "max": 1.4121197588243667e-07
        }
    },
    "fixed_params": {
        "home_size": 2.5,
        "k_average_active": 18.64967673222281,
        "k_average_confined": 4.184054568745599,
        "mu": 0.23809523809523808,
        "eta": 0.1923076923076923,
        "what": 0.091
    },
    "first_day_deaths_list": "2020-01-22",
    "min_days": 0,
    "score": 3
}