{
    "country": "Panama",
    "total_population": 4314767,
    "max_days": 150,
    "simulation": {
        "n_simulations": 1300000,
        "n_executions": 1
    },
    "params": {
        "offset": {
            "min": 0.8999999999999999,
            "max": 15.5
        },
        "permeability": {
            "min": 0.2947666731170488,
            "max": 1
        },
        "lambda": {
            "min": 0.028417221193073973,
            "max": 0.06032089796023809
        },
        "IFR": {
            "min": 0.007,
            "max": 0.013
        },
        "what": {
            "min": 0.0625,
            "max": 0.16666666666666666
        },
        "initial_i": {
            "min": 1.9530787484764006e-08,
            "max": 2.0351580883069326e-06
        }
    },
    "fixed_params": {
        "home_size": 3.7,
        "k_average_active": 14.62176742430789,
        "k_average_confined": 3.454402218266738,
        "mu": 0.23809523809523808,
        "eta": 0.1923076923076923,
        "what": 0.091
    },
    "first_day_deaths_list": "2020-01-22",
    "min_days": 0,
    "score": 3
}