{
    "country": "Philippines",
    "total_population": 109581078,
    "max_days": 100,
    "simulation": {
        "n_simulations": 1300000,
        "n_executions": 1
    },
    "params": {
        "offset": {
            "min": 5.8,
            "max": 19.0
        },
        "permeability": {
            "min": 0,
            "max": 1
        },
        "lambda": {
            "min": 0.023606362259234334,
            "max": 0.04527133515736252
        },
        "IFR": {
            "min": 0.007,
            "max": 0.013
        },
        "what": {
            "min": 0.0625,
            "max": 0.16666666666666666
        },
        "initial_i": {
            "min": 6.246961652607004e-09,
            "max": 8.604347885408626e-07
        }
    },
    "fixed_params": {
        "home_size": 4.7,
        "k_average_active": 17.042748930133346,
        "k_average_confined": 3.721832749073218,
        "mu": 0.23809523809523808,
        "eta": 0.1923076923076923,
        "what": 0.091
    },
    "first_day_deaths_list": "2020-01-22",
    "min_days": 0,
    "score": 3
}