{
    "country": "Poland",
    "total_population": 37846611,
    "max_days": 110,
    "simulation": {
        "n_simulations": 1300000,
        "n_executions": 1
    },
    "params": {
        "offset": {
            "min": 16.5,
            "max": 20
        },
        "permeability": {
            "min": 0,
            "max": 0.14015375647086514
        },
        "lambda": {
            "min": 0.02809320068641109,
            "max": 0.04914726210298272
        },
        "IFR": {
            "min": 0.007,
            "max": 0.013
        },
        "what": {
            "min": 0.08614356928018665,
            "max": 0.16666666666666666
        },
        "initial_i": {
            "min": 0,
            "max": 5.507815388692899e-06
        }
    },
    "fixed_params": {
        "home_size": 2.5,
        "k_average_active": 13.929408197652204,
        "k_average_confined": 4.415033423005428,
        "mu": 0.23809523809523808,
        "eta": 0.1923076923076923,
        "what": 0.091
    },
    "first_day_deaths_list": "2020-01-22",
    "min_days": 0,
    "score": 2
}