{
    "country": "Poland",
    "total_population": 37846611,
    "max_days": 110,
    "simulation": {
        "n_simulations": 1300000,
        "n_executions": 1
    },
    "params": {
        "offset": {
            "min": 5,
            "max": 20
        },
        "permeability": {
            "min": 0,
            "max": 1
        },
        "lambda": {
            "min": 0.011013534109072867,
            "max": 0.168224456658945
        },
        "IFR": {
            "min": 0.007,
            "max": 0.013
        },
        "what": {
            "min": 0.09224898873877675,
            "max": 0.16666666666666666
        },
        "initial_i": {
            "min": 1.829111388062401e-07,
            "max": 6.180015798635961e-06
        }
    },
    "fixed_params": {
        "home_size": 2.8,
        "k_average_active": 13.929408197652204,
        "k_average_confined": 4.415033423005428,
        "mu": 0.23809523809523808,
        "eta": 0.1923076923076923,
        "what": 0.091
    },
    "first_day_deaths_list": "2020-01-22",
    "min_days": 0,
    "score": 2
}