{
    "country": "Portugal",
    "total_population": 10196709,
    "max_days": 90,
    "simulation": {
        "n_simulations": 1300000,
        "n_executions": 1
    },
    "params": {
        "offset": {
            "min": 7.5,
            "max": 13.5
        },
        "permeability": {
            "min": 0,
            "max": 0.14268931716587452
        },
        "lambda": {
            "min": 0.05250470171305832,
            "max": 0.07717756076746753
        },
        "IFR": {
            "min": 0.007,
            "max": 0.013
        },
        "what": {
            "min": 0.11424383325665534,
            "max": 0.16666666666666666
        },
        "initial_i": {
            "min": 1.618468968403847e-08,
            "max": 8.106140650830948e-07
        }
    },
    "fixed_params": {
        "home_size": 2.6,
        "k_average_active": 11.879360392080844,
        "k_average_confined": 3.026560573820791,
        "mu": 0.23809523809523808,
        "eta": 0.1923076923076923,
        "what": 0.091
    },
    "first_day_deaths_list": "2020-01-22",
    "min_days": 0,
    "score": 3
}