{
    "country": "Portugal",
    "total_population": 10196709,
    "max_days": 90,
    "simulation": {
        "n_simulations": 1300000,
        "n_executions": 1
    },
    "params": {
        "offset": {
            "min": 5.8,
            "max": 17.25
        },
        "permeability": {
            "min": 0,
            "max": 0.5309706978877331
        },
        "lambda": {
            "min": 0.03210623242353405,
            "max": 0.07732566310998717
        },
        "IFR": {
            "min": 0.007,
            "max": 0.013
        },
        "what": {
            "min": 0.0625,
            "max": 0.16666666666666666
        },
        "initial_i": {
            "min": 3.902135522554135e-08,
            "max": 1.0879999364546556e-05
        }
    },
    "fixed_params": {
        "home_size": 2.6,
        "k_average_active": 11.879360392080844,
        "k_average_confined": 3.026560573820791,
        "mu": 0.23809523809523808,
        "eta": 0.1923076923076923,
        "what": 0.091
    },
    "first_day_deaths_list": "2020-01-22",
    "min_days": 0,
    "score": 3
}