{
    "country": "Portugal",
    "total_population": 10196709,
    "max_days": 90,
    "simulation": {
        "n_simulations": 2000000,
        "n_executions": 1
    },
    "params": {
        "offset": {
            "min": -2,
            "max": 20
        },
        "permeability": {
            "min": 0,
            "max": 1
        },
        "lambda": {
            "min": 0.01,
            "max": 0.08061772406598307
        },
        "IFR": {
            "min": 0.007,
            "max": 0.013
        },
        "what": {
            "min": 0.06635132847387348,
            "max": 0.16666666666666666
        },
        "initial_i": {
            "min": 0,
            "max": 9.477394587436972e-06
        }
    },
    "fixed_params": {
        "home_size": 2.5,
        "k_average_active": 11.879360392080844,
        "k_average_confined": 3.026560573820791,
        "mu": 0.23809523809523808,
        "eta": 0.1923076923076923,
        "what": 0.091
    },
    "first_day_deaths_list": "2020-01-22",
    "min_days": 0,
    "score": 2
}