{
    "country": "Portugal",
    "total_population": 10196709,
    "max_days": 90,
    "simulation": {
        "n_simulations": 1300000,
        "n_executions": 1
    },
    "params": {
        "offset": {
            "min": 4.9,
            "max": 17.25
        },
        "permeability": {
            "min": 0,
            "max": 0.5080214107431893
        },
        "lambda": {
            "min": 0.029139712192554516,
            "max": 0.07755880987468292
        },
        "IFR": {
            "min": 0.007,
            "max": 0.013
        },
        "what": {
            "min": 0.0625,
            "max": 0.16666666666666666
        },
        "initial_i": {
            "min": 0,
            "max": 7.321731027906557e-06
        }
    },
    "fixed_params": {
        "home_size": 2.5,
        "k_average_active": 11.879360392080844,
        "k_average_confined": 3.026560573820791,
        "mu": 0.23809523809523808,
        "eta": 0.1923076923076923,
        "what": 0.091
    },
    "first_day_deaths_list": "2020-01-22",
    "min_days": 0,
    "score": 3
}