{
    "country": "Romania",
    "total_population": 19237691,
    "max_days": 100,
    "simulation": {
        "n_simulations": 1300000,
        "n_executions": 1
    },
    "params": {
        "offset": {
            "min": 2.9,
            "max": 17.5
        },
        "permeability": {
            "min": 0,
            "max": 0.48115061209373877
        },
        "lambda": {
            "min": 0.04455997474237863,
            "max": 0.06928509840832806
        },
        "IFR": {
            "min": 0.007,
            "max": 0.013
        },
        "what": {
            "min": 0.0625,
            "max": 0.16666666666666666
        },
        "initial_i": {
            "min": 0,
            "max": 1.2774942441372633e-06
        }
    },
    "fixed_params": {
        "home_size": 2.5,
        "k_average_active": 11.969848372117392,
        "k_average_confined": 3.409796068686021,
        "mu": 0.23809523809523808,
        "eta": 0.1923076923076923,
        "what": 0.091
    },
    "first_day_deaths_list": "2020-01-22",
    "min_days": 0,
    "score": 3
}