{
    "country": "Romania",
    "total_population": 19237691,
    "max_days": 100,
    "simulation": {
        "n_simulations": 1300000,
        "n_executions": 1
    },
    "params": {
        "offset": {
            "min": 6.5,
            "max": 11.5
        },
        "permeability": {
            "min": 0,
            "max": 0.08329757909087306
        },
        "lambda": {
            "min": 0.061060224969652514,
            "max": 0.06861156231447721
        },
        "IFR": {
            "min": 0.007,
            "max": 0.013
        },
        "what": {
            "min": 0.13614661552984703,
            "max": 0.16666666666666666
        },
        "initial_i": {
            "min": 6.915170435071521e-09,
            "max": 1.5388496010564612e-07
        }
    },
    "fixed_params": {
        "home_size": 2.7,
        "k_average_active": 11.969848372117392,
        "k_average_confined": 3.409796068686021,
        "mu": 0.23809523809523808,
        "eta": 0.1923076923076923,
        "what": 0.091
    },
    "first_day_deaths_list": "2020-01-22",
    "min_days": 0,
    "score": 3
}