{
    "country": "Romania",
    "total_population": 19237691,
    "max_days": 100,
    "simulation": {
        "n_simulations": 2000000,
        "n_executions": 1
    },
    "params": {
        "offset": {
            "min": -2,
            "max": 20
        },
        "permeability": {
            "min": 0,
            "max": 1
        },
        "lambda": {
            "min": 0.022288513053021885,
            "max": 0.07124026454642413
        },
        "IFR": {
            "min": 0.007,
            "max": 0.013
        },
        "what": {
            "min": 0.0625,
            "max": 0.16666666666666666
        },
        "initial_i": {
            "min": 0,
            "max": 3.0980425105942572e-06
        }
    },
    "fixed_params": {
        "home_size": 2.5,
        "k_average_active": 11.969848372117392,
        "k_average_confined": 3.409796068686021,
        "mu": 0.23809523809523808,
        "eta": 0.1923076923076923,
        "what": 0.091
    },
    "first_day_deaths_list": "2020-01-22",
    "min_days": 0,
    "score": 3
}