{
    "country": "Russian Federation",
    "total_population": 145934462,
    "max_days": 100,
    "simulation": {
        "n_simulations": 1300000,
        "n_executions": 1
    },
    "params": {
        "offset": {
            "min": 10.5,
            "max": 15.5
        },
        "permeability": {
            "min": 0,
            "max": 0.2484095274551262
        },
        "lambda": {
            "min": 0.05340004149783231,
            "max": 0.06320798969143394
        },
        "IFR": {
            "min": 0.007,
            "max": 0.013
        },
        "what": {
            "min": 0.09307713465133086,
            "max": 0.16666666666666666
        },
        "initial_i": {
            "min": 3.833054072570553e-10,
            "max": 1.1095120292521938e-08
        }
    },
    "fixed_params": {
        "home_size": 2.6,
        "k_average_active": 12.875689796246515,
        "k_average_confined": 3.4233339762221644,
        "mu": 0.23809523809523808,
        "eta": 0.1923076923076923,
        "what": 0.091
    },
    "first_day_deaths_list": "2020-01-22",
    "min_days": 0,
    "score": 1
}