{
    "country": "Russian Federation",
    "total_population": 145934462,
    "max_days": 100,
    "simulation": {
        "n_simulations": 2000000,
        "n_executions": 1
    },
    "params": {
        "offset": {
            "min": -2,
            "max": 20
        },
        "permeability": {
            "min": 0,
            "max": 1
        },
        "lambda": {
            "min": 0.0262232324300317,
            "max": 0.06557175545355957
        },
        "IFR": {
            "min": 0.007,
            "max": 0.013
        },
        "what": {
            "min": 0.0625,
            "max": 0.16666666666666666
        },
        "initial_i": {
            "min": 0,
            "max": 1.4407097376535893e-07
        }
    },
    "fixed_params": {
        "home_size": 2.5,
        "k_average_active": 12.875689796246515,
        "k_average_confined": 3.4233339762221644,
        "mu": 0.23809523809523808,
        "eta": 0.1923076923076923,
        "what": 0.091
    },
    "first_day_deaths_list": "2020-01-22",
    "min_days": 0,
    "score": 1
}