{
    "country": "Russian Federation",
    "total_population": 145934462,
    "max_days": 100,
    "simulation": {
        "n_simulations": 1300000,
        "n_executions": 1
    },
    "params": {
        "offset": {
            "min": 8.75,
            "max": 19.5
        },
        "permeability": {
            "min": 0,
            "max": 0.8147039310217957
        },
        "lambda": {
            "min": 0.042694095230717655,
            "max": 0.06300995590270875
        },
        "IFR": {
            "min": 0.007,
            "max": 0.013
        },
        "what": {
            "min": 0.0625,
            "max": 0.16666666666666666
        },
        "initial_i": {
            "min": 1.3940728835766315e-09,
            "max": 9.941244079746693e-08
        }
    },
    "fixed_params": {
        "home_size": 2.6,
        "k_average_active": 12.875689796246515,
        "k_average_confined": 3.4233339762221644,
        "mu": 0.23809523809523808,
        "eta": 0.1923076923076923,
        "what": 0.091
    },
    "first_day_deaths_list": "2020-01-22",
    "min_days": 0,
    "score": 1
}