{
    "country": "Saudi Arabia",
    "total_population": 34813871,
    "max_days": 130,
    "simulation": {
        "n_simulations": 1300000,
        "n_executions": 1
    },
    "params": {
        "offset": {
            "min": 1.0,
            "max": 17.0
        },
        "permeability": {
            "min": 0.04864744097665771,
            "max": 0.9833516518627972
        },
        "lambda": {
            "min": 0.034958349391118665,
            "max": 0.05081034761338285
        },
        "IFR": {
            "min": 0.007,
            "max": 0.013
        },
        "what": {
            "min": 0.0625,
            "max": 0.16666666666666666
        },
        "initial_i": {
            "min": 1.0121616671850963e-09,
            "max": 4.706072185969049e-08
        }
    },
    "fixed_params": {
        "home_size": 5.6,
        "k_average_active": 15.639997080431902,
        "k_average_confined": 4.102576148447628,
        "mu": 0.23809523809523808,
        "eta": 0.1923076923076923,
        "what": 0.091
    },
    "first_day_deaths_list": "2020-01-22",
    "min_days": 0,
    "score": 3
}