{
    "country": "SEID",
    "total_population": 1000000,
    "max_days": 230,
    "simulation": {
        "n_simulations": 4000000,
        "n_executions": 1
    },
    "params": {
        "lambda": {
            "min": 0.18352436036681213,
            "max": 0.1835483382331785
        },
        "initial_i": {
            "min": 6.387804178216066e-05,
            "max": 6.411084090508137e-05
        },
        "mu": {
            "min": 0.1,
            "max": 0.4
        },
        "eta": {
            "min": 0.1,
            "max": 0.4
        }
    },
    "fixed_params": {
        "eta": 0.08,
        "mu": 0.07
    },
    "first_day_deaths_list": "2020-01-22",
    "min_days": 0,
    "score": 0
}