{
    "country": "South Africa",
    "total_population": 59308690,
    "max_days": 150,
    "simulation": {
        "n_simulations": 1300000,
        "n_executions": 1
    },
    "params": {
        "offset": {
            "min": 0.75,
            "max": 9.333333333333334
        },
        "permeability": {
            "min": 0.8638812873772314,
            "max": 1
        },
        "lambda": {
            "min": 0.04604723172890317,
            "max": 0.04953469004450252
        },
        "IFR": {
            "min": 0.007,
            "max": 0.013
        },
        "what": {
            "min": 0.0625,
            "max": 0.16666666666666666
        },
        "initial_i": {
            "min": 1.5375421247476842e-10,
            "max": 2.5523464339632322e-09
        }
    },
    "fixed_params": {
        "home_size": 3.2,
        "k_average_active": 15.916478666851711,
        "k_average_confined": 3.944795717027912,
        "mu": 0.23809523809523808,
        "eta": 0.1923076923076923,
        "what": 0.091
    },
    "first_day_deaths_list": "2020-01-22",
    "min_days": 0,
    "score": 3
}