{
    "country": "Spain",
    "total_population": 46754778,
    "max_days": 90,
    "simulation": {
        "n_simulations": 1500000,
        "n_executions": 1
    },
    "params": {
        "offset": {
            "min": 4.0,
            "max": 5.0
        },
        "permeability": {
            "min": 0,
            "max": 0.11775628370261026
        },
        "lambda": {
            "min": 0.08712188852475752,
            "max": 0.12667343837607462
        },
        "IFR": {
            "min": 0.011522615245768345,
            "max": 0.012
        },
        "what": {
            "min": 0.10839743595333397,
            "max": 0.16666666666666666
        },
        "initial_i": {
            "min": 0,
            "max": 1.0636571973839516e-07
        },
        "eta": {
            "min": 0.1,
            "max": 0.4
        }
    },
    "fixed_params": {
        "home_size": 2.5,
        "k_average_active": 12.018964433976906,
        "k_average_confined": 3.187692531804087,
        "mu": 0.23809523809523808,
        "eta": 0.1923076923076923,
        "what": 0.091
    },
    "first_day_deaths_list": "2020-01-22",
    "min_days": 0,
    "score": 3
}