{
    "country": "Sweden",
    "total_population": 10099265,
    "max_days": 110,
    "simulation": {
        "n_simulations": 2000000,
        "n_executions": 1
    },
    "params": {
        "offset": {
            "min": -2,
            "max": 20
        },
        "permeability": {
            "min": 0,
            "max": 0.18671261182662485
        },
        "lambda": {
            "min": 0.03974357628983931,
            "max": 0.04006139967431459
        },
        "IFR": {
            "min": 0.009769840569288132,
            "max": 0.013
        },
        "what": {
            "min": 0.0625,
            "max": 0.16666666666666666
        },
        "initial_i": {
            "min": 0,
            "max": 2.18163544991833e-05
        }
    },
    "fixed_params": {
        "home_size": 2.5,
        "k_average_active": 12.577881935760866,
        "k_average_confined": 3.0509423438068,
        "mu": 0.23809523809523808,
        "eta": 0.1923076923076923,
        "what": 0.091
    },
    "first_day_deaths_list": "2020-01-22",
    "min_days": 0,
    "score": 0
}