{
    "country": "Switzerland",
    "total_population": 8654622,
    "max_days": 90,
    "simulation": {
        "n_simulations": 2000000,
        "n_executions": 1
    },
    "params": {
        "offset": {
            "min": -2,
            "max": 20
        },
        "permeability": {
            "min": 0,
            "max": 0.24181357699250605
        },
        "lambda": {
            "min": 0.07950806517910246,
            "max": 0.08959356562331332
        },
        "IFR": {
            "min": 0.007,
            "max": 0.013
        },
        "what": {
            "min": 0.08086610113910499,
            "max": 0.16666666666666666
        },
        "initial_i": {
            "min": 0,
            "max": 9.290982735336721e-08
        }
    },
    "fixed_params": {
        "home_size": 2.5,
        "k_average_active": 13.138413340079955,
        "k_average_confined": 3.10861971548324,
        "mu": 0.23809523809523808,
        "eta": 0.1923076923076923,
        "what": 0.091
    },
    "first_day_deaths_list": "2020-01-22",
    "min_days": 0,
    "score": 1
}