{
    "country": "Switzerland",
    "total_population": 8654622,
    "max_days": 90,
    "simulation": {
        "n_simulations": 1300000,
        "n_executions": 1
    },
    "params": {
        "offset": {
            "min": 3.0,
            "max": 6.5
        },
        "permeability": {
            "min": 0,
            "max": 0.037699038170328866
        },
        "lambda": {
            "min": 0.05759773901976737,
            "max": 0.07521967113505618
        },
        "IFR": {
            "min": 0.007,
            "max": 0.013
        },
        "what": {
            "min": 0.14740509511101474,
            "max": 0.16666666666666666
        },
        "initial_i": {
            "min": 1.128055656442637e-08,
            "max": 3.746834915284789e-07
        }
    },
    "fixed_params": {
        "home_size": 2.2,
        "k_average_active": 13.138413340079955,
        "k_average_confined": 3.10861971548324,
        "mu": 0.23809523809523808,
        "eta": 0.1923076923076923,
        "what": 0.091
    },
    "first_day_deaths_list": "2020-01-22",
    "min_days": 0,
    "score": 2
}