{
    "country": "Switzerland",
    "total_population": 8654622,
    "max_days": 90,
    "simulation": {
        "n_simulations": 1300000,
        "n_executions": 1
    },
    "params": {
        "offset": {
            "min": 0.6666666666666667,
            "max": 9.333333333333334
        },
        "permeability": {
            "min": 0,
            "max": 0.192409457332167
        },
        "lambda": {
            "min": 0.0408036087349066,
            "max": 0.07766155486413065
        },
        "IFR": {
            "min": 0.007,
            "max": 0.013
        },
        "what": {
            "min": 0.10208572314498135,
            "max": 0.16666666666666666
        },
        "initial_i": {
            "min": 0,
            "max": 1.964043498939158e-06
        }
    },
    "fixed_params": {
        "home_size": 2.5,
        "k_average_active": 13.138413340079955,
        "k_average_confined": 3.10861971548324,
        "mu": 0.23809523809523808,
        "eta": 0.1923076923076923,
        "what": 0.091
    },
    "first_day_deaths_list": "2020-01-22",
    "min_days": 0,
    "score": 2
}