{
    "country": "Turkey",
    "total_population": 84339067,
    "max_days": 120,
    "simulation": {
        "n_simulations": 1300000,
        "n_executions": 1
    },
    "params": {
        "offset": {
            "min": 4.9,
            "max": 19.2
        },
        "permeability": {
            "min": 0,
            "max": 0.3498799170424764
        },
        "lambda": {
            "min": 0.034156607957393476,
            "max": 0.06431979235814468
        },
        "IFR": {
            "min": 0.007,
            "max": 0.02
        },
        "what": {
            "min": 0.0625,
            "max": 0.16666666666666666
        },
        "initial_i": {
            "min": 8.276426447166915e-09,
            "max": 1.452548867600679e-06
        }
    },
    "fixed_params": {
        "home_size": 4.1,
        "k_average_active": 13.71659655084748,
        "k_average_confined": 3.717991615464884,
        "mu": 0.23809523809523808,
        "eta": 0.1923076923076923,
        "what": 0.091
    },
    "first_day_deaths_list": "2020-01-22",
    "min_days": 0,
    "score": 1
}