{
    "country": "Turkey",
    "total_population": 84339067,
    "max_days": 120,
    "simulation": {
        "n_simulations": 1300000,
        "n_executions": 1
    },
    "params": {
        "offset": {
            "min": 11.5,
            "max": 16.5
        },
        "permeability": {
            "min": 0,
            "max": 0.029346397343412572
        },
        "lambda": {
            "min": 0.03658494272424617,
            "max": 0.047277156993231095
        },
        "IFR": {
            "min": 0.007,
            "max": 0.02
        },
        "what": {
            "min": 0.14666037633892873,
            "max": 0.16666666666666666
        },
        "initial_i": {
            "min": 6.721048321603007e-08,
            "max": 2.0645369267594898e-06
        }
    },
    "fixed_params": {
        "home_size": 4.1,
        "k_average_active": 13.71659655084748,
        "k_average_confined": 3.717991615464884,
        "mu": 0.23809523809523808,
        "eta": 0.1923076923076923,
        "what": 0.091
    },
    "first_day_deaths_list": "2020-01-22",
    "min_days": 0,
    "score": 1
}