{
    "country": "Turkey",
    "total_population": 84339067,
    "max_days": 100,
    "simulation": {
        "n_simulations": 1300000,
        "n_executions": 1
    },
    "params": {
        "offset": {
            "min": 4.9,
            "max": 19.2
        },
        "permeability": {
            "min": 0,
            "max": 0.3005076442885857
        },
        "lambda": {
            "min": 0.03519990941651434,
            "max": 0.06461199997792037
        },
        "IFR": {
            "min": 0.007,
            "max": 0.013
        },
        "what": {
            "min": 0.06781568845167764,
            "max": 0.16666666666666666
        },
        "initial_i": {
            "min": 0,
            "max": 8.986287683221892e-07
        }
    },
    "fixed_params": {
        "home_size": 2.5,
        "k_average_active": 13.71659655084748,
        "k_average_confined": 3.717991615464884,
        "mu": 0.23809523809523808,
        "eta": 0.1923076923076923,
        "what": 0.091
    },
    "first_day_deaths_list": "2020-01-22",
    "min_days": 0,
    "score": 2
}