{
    "country": "Turkey",
    "total_population": 84339067,
    "max_days": 100,
    "simulation": {
        "n_simulations": 2000000,
        "n_executions": 1
    },
    "params": {
        "offset": {
            "min": -2,
            "max": 20
        },
        "permeability": {
            "min": 0,
            "max": 0.12987522932858614
        },
        "lambda": {
            "min": 0.07276030015183671,
            "max": 0.07586772276161559
        },
        "IFR": {
            "min": 0.007,
            "max": 0.013
        },
        "what": {
            "min": 0.07128807465860387,
            "max": 0.16666666666666666
        },
        "initial_i": {
            "min": 0,
            "max": 7.066319375258138e-09
        }
    },
    "fixed_params": {
        "home_size": 2.5,
        "k_average_active": 13.71659655084748,
        "k_average_confined": 3.717991615464884,
        "mu": 0.23809523809523808,
        "eta": 0.1923076923076923,
        "what": 0.091
    },
    "first_day_deaths_list": "2020-01-22",
    "min_days": 0,
    "score": 1
}