{
    "country": "Ukraine",
    "total_population": 43733762,
    "max_days": 120,
    "simulation": {
        "n_simulations": 2000000,
        "n_executions": 1
    },
    "params": {
        "offset": {
            "min": -2,
            "max": 20
        },
        "permeability": {
            "min": 0,
            "max": 1
        },
        "lambda": {
            "min": 0.029906062835981698,
            "max": 0.05070955462108148
        },
        "IFR": {
            "min": 0.009465859206868875,
            "max": 0.013
        },
        "what": {
            "min": 0.07091515818119426,
            "max": 0.16666666666666666
        },
        "initial_i": {
            "min": 0,
            "max": 1.7452617389501545e-06
        }
    },
    "fixed_params": {
        "home_size": 2.5,
        "k_average_active": 12.65056336363368,
        "k_average_confined": 3.4752488432875177,
        "mu": 0.23809523809523808,
        "eta": 0.1923076923076923,
        "what": 0.091
    },
    "first_day_deaths_list": "2020-01-22",
    "min_days": 0,
    "score": 2
}