{
    "country": "Ukraine",
    "total_population": 43733762,
    "max_days": 120,
    "simulation": {
        "n_simulations": 1300000,
        "n_executions": 1
    },
    "params": {
        "offset": {
            "min": 10.8,
            "max": 20
        },
        "permeability": {
            "min": 0,
            "max": 0.5923392558298672
        },
        "lambda": {
            "min": 0.038825715081811714,
            "max": 0.04838995460832587
        },
        "IFR": {
            "min": 0.009465859206868875,
            "max": 0.013
        },
        "what": {
            "min": 0.0625,
            "max": 0.16666666666666666
        },
        "initial_i": {
            "min": 6.075233220140757e-08,
            "max": 1.1683583687294596e-06
        }
    },
    "fixed_params": {
        "home_size": 2.5,
        "k_average_active": 12.65056336363368,
        "k_average_confined": 3.4752488432875177,
        "mu": 0.23809523809523808,
        "eta": 0.1923076923076923,
        "what": 0.091
    },
    "first_day_deaths_list": "2020-01-22",
    "min_days": 0,
    "score": 2
}