{
    "country": "Ukraine",
    "total_population": 43733762,
    "max_days": 120,
    "simulation": {
        "n_simulations": 1300000,
        "n_executions": 1
    },
    "params": {
        "offset": {
            "min": 13.5,
            "max": 18.5
        },
        "permeability": {
            "min": 0,
            "max": 0.06619000840102421
        },
        "lambda": {
            "min": 0.04499156087743594,
            "max": 0.047982333859753354
        },
        "IFR": {
            "min": 0.009465859206868875,
            "max": 0.013
        },
        "what": {
            "min": 0.14630527459104647,
            "max": 0.16666666666666666
        },
        "initial_i": {
            "min": 1.4131954594212663e-08,
            "max": 2.2396423398369563e-07
        }
    },
    "fixed_params": {
        "home_size": 2.5,
        "k_average_active": 12.65056336363368,
        "k_average_confined": 3.4752488432875177,
        "mu": 0.23809523809523808,
        "eta": 0.1923076923076923,
        "what": 0.091
    },
    "first_day_deaths_list": "2020-01-22",
    "min_days": 0,
    "score": 2
}