{
    "country": "United Arab Emirates",
    "total_population": 9890402,
    "max_days": 120,
    "simulation": {
        "n_simulations": 1300000,
        "n_executions": 1
    },
    "params": {
        "offset": {
            "min": 17.0,
            "max": 20
        },
        "permeability": {
            "min": 0,
            "max": 0.8828188713748883
        },
        "lambda": {
            "min": 0.02630897322748893,
            "max": 0.03781682951054175
        },
        "IFR": {
            "min": 0.007,
            "max": 0.013
        },
        "what": {
            "min": 0.0625,
            "max": 0.1301211138116387
        },
        "initial_i": {
            "min": 1.1170943101733618e-08,
            "max": 7.332717864293885e-07
        }
    },
    "fixed_params": {
        "home_size": 2.5,
        "k_average_active": 20.645533065557476,
        "k_average_confined": 4.84622397889267,
        "mu": 0.23809523809523808,
        "eta": 0.1923076923076923,
        "what": 0.091
    },
    "first_day_deaths_list": "2020-01-22",
    "min_days": 0,
    "score": 2
}