{
    "country": "United States of America",
    "total_population": 331002651,
    "max_days": 80,
    "simulation": {
        "n_simulations": 1300000,
        "n_executions": 1
    },
    "params": {
        "offset": {
            "min": 1.75,
            "max": 10.333333333333334
        },
        "permeability": {
            "min": 0,
            "max": 1
        },
        "lambda": {
            "min": 0.07842116876742283,
            "max": 0.11100318649553223
        },
        "IFR": {
            "min": 0.009639705315136202,
            "max": 0.013
        },
        "what": {
            "min": 0.0625,
            "max": 0.16666666666666666
        },
        "initial_i": {
            "min": 9.504921036136831e-11,
            "max": 9.703435282247343e-09
        }
    },
    "fixed_params": {
        "home_size": 2.6,
        "k_average_active": 12.600510436738295,
        "k_average_confined": 3.2448622917021632,
        "mu": 0.23809523809523808,
        "eta": 0.1923076923076923,
        "what": 0.091
    },
    "first_day_deaths_list": "2020-01-22",
    "min_days": 0,
    "score": 1
}