{
    "country": "United Kingdom of Great Britain",
    "total_population": 67886011,
    "max_days": 100,
    "simulation": {
        "n_simulations": 2000000,
        "n_executions": 1
    },
    "params": {
        "offset": {
            "min": -2,
            "max": 20
        },
        "permeability": {
            "min": 0,
            "max": 1
        },
        "lambda": {
            "min": 0.014849031963246044,
            "max": 0.0815042951922296
        },
        "IFR": {
            "min": 0.008,
            "max": 0.012
        },
        "what": {
            "min": 0.11404478052283383,
            "max": 0.16666666666666666
        },
        "initial_i": {
            "min": 0,
            "max": 9.968573442420341e-05
        }
    },
    "fixed_params": {
        "home_size": 2.5,
        "k_average_active": 9.475115167626232,
        "k_average_confined": 2.245642660835696,
        "mu": 0.23809523809523808,
        "eta": 0.1923076923076923,
        "what": 0.091
    },
    "first_day_deaths_list": "2020-01-22",
    "min_days": 0,
    "score": 3
}