{
    "country": "United Kingdom of Great Britain",
    "total_population": 67886011,
    "max_days": 105,
    "simulation": {
        "n_simulations": 1300000,
        "n_executions": 1
    },
    "params": {
        "offset": {
            "min": 2.0,
            "max": 13
        },
        "permeability": {
            "min": 0,
            "max": 0.4
        },
        "lambda": {
            "min": 0.03348123536929552,
            "max": 0.0838555117368768
        },
        "IFR": {
            "min": 0.008,
            "max": 0.012
        },
        "what": {
            "min": 0.08942514608370802,
            "max": 0.16666666666666666
        },
        "initial_i": {
            "min": 1.0478921783548736e-07,
            "max": 3.824844489851019e-06
        }
    },
    "fixed_params": {
        "home_size": 2.3,
        "k_average_active": 9.475115167626232,
        "k_average_confined": 2.245642660835696,
        "mu": 0.23809523809523808,
        "eta": 0.1923076923076923,
        "what": 0.091
    },
    "first_day_deaths_list": "2020-01-22",
    "min_days": 0,
    "score": 3
}