{
    "country": "United Kingdom of Great Britain",
    "total_population": 67886011,
    "max_days": 100,
    "simulation": {
        "n_simulations": 1300000,
        "n_executions": 1
    },
    "params": {
        "offset": {
            "min": 0.75,
            "max": 11.5
        },
        "permeability": {
            "min": 0,
            "max": 0.23816627808185423
        },
        "lambda": {
            "min": 0.06110573487084618,
            "max": 0.12160069958353915
        },
        "IFR": {
            "min": 0.008,
            "max": 0.012
        },
        "what": {
            "min": 0.07640887484085258,
            "max": 0.16666666666666666
        },
        "initial_i": {
            "min": 0,
            "max": 6.591352384263965e-07
        }
    },
    "fixed_params": {
        "home_size": 2.5,
        "k_average_active": 9.475115167626232,
        "k_average_confined": 2.245642660835696,
        "mu": 0.23809523809523808,
        "eta": 0.1923076923076923,
        "what": 0.091
    },
    "first_day_deaths_list": "2020-01-22",
    "min_days": 0,
    "score": 3
}