{
    "country": "United States of America",
    "total_population": 331002651,
    "max_days": 80,
    "simulation": {
        "n_simulations": 2000000,
        "n_executions": 1
    },
    "params": {
        "offset": {
            "min": -2,
            "max": 20
        },
        "permeability": {
            "min": 0,
            "max": 0.9603409147833444
        },
        "lambda": {
            "min": 0.06,
            "max": 0.06761772296100751
        },
        "IFR": {
            "min": 0.009639705315136202,
            "max": 0.013
        },
        "what": {
            "min": 0.10818611448940953,
            "max": 0.16666666666666666
        },
        "initial_i": {
            "min": 0,
            "max": 1.1350429338116252e-06
        }
    },
    "fixed_params": {
        "home_size": 2.5,
        "k_average_active": 12.600510436738295,
        "k_average_confined": 3.2448622917021632,
        "mu": 0.23809523809523808,
        "eta": 0.1923076923076923,
        "what": 0.091
    },
    "first_day_deaths_list": "2020-01-22",
    "min_days": 0,
    "score": 1
}