{
    "country": "Argentina",
    "total_population": 45195774,
    "max_days": 110,
    "simulation": {
        "n_simulations": 1000000,
        "n_executions": 1
    },
    "params": {
        "offset": {
            "min": -1.0,
            "max": 19.0
        },
        "permeability": {
            "min": 0.034505833490198756,
            "max": 1
        },
        "lambda": {
            "min": 0.05,
            "max": 0.09080238812533688
        },
        "IFR": {
            "min": 0.007,
            "max": 0.013
        },
        "what": {
            "min": 0.0625,
            "max": 0.16666666666666666
        },
        "initial_i": {
            "min": 0,
            "max": 8.92749166278169e-08
        }
    },
    "fixed_params": {
        "home_size": 2.5,
        "k_average_active": 14.116284574031162,
        "k_average_confined": 3.838334220639105,
        "mu": 0.23809523809523808,
        "eta": 0.1923076923076923
    },
    "first_day_deaths_list": "2020-01-22"
}