{
    "country": "Austria",
    "total_population": 9006398,
    "max_days": 85,
    "simulation": {
        "n_simulations": 2000000,
        "n_executions": 1
    },
    "params": {
        "offset": {
            "min": 2.666666666666667,
            "max": 12.333333333333332
        },
        "permeability": {
            "min": 0,
            "max": 0.6555143038770911
        },
        "lambda": {
            "min": 0.05,
            "max": 0.3
        },
        "IFR": {
            "min": 0.007,
            "max": 0.013
        },
        "what": {
            "min": 0.0625,
            "max": 0.16666666666666666
        },
        "initial_i": {
            "min": 0,
            "max": 9.071986309177503e-07
        }
    },
    "fixed_params": {
        "home_size": 2.5,
        "k_average_active": 12.475780778964538,
        "k_average_confined": 3.1271411741497257,
        "mu": 0.23809523809523808,
        "eta": 0.1923076923076923
    },
    "first_day_deaths_list": "2020-01-22",
    "min_days": 0
}