{
    "country": "Austria",
    "total_population": 9006398,
    "max_days": 110,
    "simulation": {
        "n_simulations": 1000000,
        "n_executions": 1
    },
    "params": {
        "offset": {
            "min": 10.25,
            "max": 16.0
        },
        "permeability": {
            "min": 0,
            "max": 0.09640443187483305
        },
        "lambda": {
            "min": 0.05,
            "max": 0.061222875249972254
        },
        "IFR": {
            "min": 0.007,
            "max": 0.013
        },
        "what": {
            "min": 0.0625,
            "max": 0.16666666666666666
        },
        "initial_i": {
            "min": 0,
            "max": 5.6187230919651315e-06
        }
    },
    "fixed_params": {
        "home_size": 2.5,
        "k_average_active": 12.475780778964538,
        "k_average_confined": 3.1271411741497257,
        "mu": 0.23809523809523808,
        "eta": 0.1923076923076923
    },
    "first_day_deaths_list": "2020-01-22"
}