{
    "country": "Australia",
    "total_population": 25499884,
    "max_days": 85,
    "simulation": {
        "n_simulations": 2000000,
        "n_executions": 1
    },
    "params": {
        "offset": {
            "min": -15.25,
            "max": -3.7142857142857144
        },
        "permeability": {
            "min": 0,
            "max": 1
        },
        "lambda": {
            "min": 0.05,
            "max": 0.3
        },
        "IFR": {
            "min": 0.007,
            "max": 0.013
        },
        "what": {
            "min": 0.0625,
            "max": 0.16666666666666666
        },
        "initial_i": {
            "min": 0,
            "max": 7.249731564939175e-08
        }
    },
    "fixed_params": {
        "home_size": 2.5,
        "k_average_active": 12.85522564303453,
        "k_average_confined": 3.3525104787309483,
        "mu": 0.23809523809523808,
        "eta": 0.1923076923076923
    },
    "first_day_deaths_list": "2020-01-22",
    "min_days": 0
}