{
    "country": "Bahamas",
    "total_population": 393244,
    "max_days": 110,
    "simulation": {
        "n_simulations": 1000000,
        "n_executions": 1
    },
    "params": {
        "offset": {
            "min": 1.25,
            "max": 11.666666666666666
        },
        "permeability": {
            "min": 0,
            "max": 0.07953308038236942
        },
        "lambda": {
            "min": 0.05,
            "max": 0.052156020281689724
        },
        "IFR": {
            "min": 0.007,
            "max": 0.013
        },
        "what": {
            "min": 0.0625,
            "max": 0.16666666666666666
        },
        "initial_i": {
            "min": 3.290066417127307e-09,
            "max": 3.935837551809383e-08
        }
    },
    "fixed_params": {
        "home_size": 2.5,
        "k_average_active": 15.456068234015673,
        "k_average_confined": 3.754870216428024,
        "mu": 0.23809523809523808,
        "eta": 0.1923076923076923
    },
    "first_day_deaths_list": "2020-01-22"
}