{
    "country": "Bahrain",
    "total_population": 1701575,
    "max_days": 110,
    "simulation": {
        "n_simulations": 1000000,
        "n_executions": 1
    },
    "params": {
        "offset": {
            "min": -2.392857142857143,
            "max": 20
        },
        "permeability": {
            "min": 0,
            "max": 1
        },
        "lambda": {
            "min": 0.05,
            "max": 0.06044344301817671
        },
        "IFR": {
            "min": 0.007,
            "max": 0.013
        },
        "what": {
            "min": 0.0625,
            "max": 0.16666666666666666
        },
        "initial_i": {
            "min": 0,
            "max": 8.200426980876764e-12
        }
    },
    "fixed_params": {
        "home_size": 2.5,
        "k_average_active": 17.86829465641137,
        "k_average_confined": 4.332932604048357,
        "mu": 0.23809523809523808,
        "eta": 0.1923076923076923
    },
    "first_day_deaths_list": "2020-01-22"
}