{
    "country": "Bangladesh",
    "total_population": 164689383,
    "max_days": 110,
    "simulation": {
        "n_simulations": 1000000,
        "n_executions": 1
    },
    "params": {
        "offset": {
            "min": 4.25,
            "max": 14.666666666666666
        },
        "permeability": {
            "min": 0,
            "max": 0.31508761163882104
        },
        "lambda": {
            "min": 0.05,
            "max": 0.05682911430520032
        },
        "IFR": {
            "min": 0.007,
            "max": 0.013
        },
        "what": {
            "min": 0.0625,
            "max": 0.16666666666666666
        },
        "initial_i": {
            "min": 0,
            "max": 1.7792473023360199e-09
        }
    },
    "fixed_params": {
        "home_size": 2.5,
        "k_average_active": 16.341207852033538,
        "k_average_confined": 3.548043365396992,
        "mu": 0.23809523809523808,
        "eta": 0.1923076923076923
    },
    "first_day_deaths_list": "2020-01-22"
}