{
    "country": "Belgium",
    "total_population": 11589623,
    "max_days": 110,
    "simulation": {
        "n_simulations": 1000000,
        "n_executions": 1
    },
    "params": {
        "offset": {
            "min": 10.0,
            "max": 16.666666666666668
        },
        "permeability": {
            "min": 0,
            "max": 0.07224945141981685
        },
        "lambda": {
            "min": 0.06722566582815612,
            "max": 0.07543255325611477
        },
        "IFR": {
            "min": 0.007,
            "max": 0.013
        },
        "what": {
            "min": 0.0625,
            "max": 0.16666666666666666
        },
        "initial_i": {
            "min": 1.7691058859123775e-06,
            "max": 7.589987967505608e-06
        }
    },
    "fixed_params": {
        "home_size": 2.5,
        "k_average_active": 11.382088945698742,
        "k_average_confined": 2.875559844377344,
        "mu": 0.23809523809523808,
        "eta": 0.1923076923076923
    },
    "first_day_deaths_list": "2020-01-22"
}