{
    "country": "Bolivia (Plurinational State of",
    "total_population": 11673021,
    "max_days": 110,
    "simulation": {
        "n_simulations": 1000000,
        "n_executions": 1
    },
    "params": {
        "offset": {
            "min": -3.9499999999999993,
            "max": 20
        },
        "permeability": {
            "min": 0.7954845097807061,
            "max": 1
        },
        "lambda": {
            "min": 0.05798669821020847,
            "max": 0.06736575914855615
        },
        "IFR": {
            "min": 0.007,
            "max": 0.013
        },
        "what": {
            "min": 0.0625,
            "max": 0.16666666666666666
        },
        "initial_i": {
            "min": 0,
            "max": 1.621894573232133e-09
        }
    },
    "fixed_params": {
        "home_size": 2.5,
        "k_average_active": 17.03589428678526,
        "k_average_confined": 3.029082531014989,
        "mu": 0.23809523809523808,
        "eta": 0.1923076923076923
    },
    "first_day_deaths_list": "2020-01-22"
}