{
    "country": "Brazil",
    "total_population": 212559417,
    "max_days": 110,
    "simulation": {
        "n_simulations": 1000000,
        "n_executions": 1
    },
    "params": {
        "offset": {
            "min": 7.0,
            "max": 19.0
        },
        "permeability": {
            "min": 0,
            "max": 1
        },
        "lambda": {
            "min": 0.05,
            "max": 0.06297984318770054
        },
        "IFR": {
            "min": 0.007,
            "max": 0.013
        },
        "what": {
            "min": 0.0625,
            "max": 0.16666666666666666
        },
        "initial_i": {
            "min": 0,
            "max": 1.5592468742739273e-07
        }
    },
    "fixed_params": {
        "home_size": 2.5,
        "k_average_active": 15.19028762877682,
        "k_average_confined": 3.7550389678303615,
        "mu": 0.23809523809523808,
        "eta": 0.1923076923076923
    },
    "first_day_deaths_list": "2020-01-22"
}