{
    "country": "Bulgaria",
    "total_population": 6948445,
    "max_days": 110,
    "simulation": {
        "n_simulations": 1000000,
        "n_executions": 1
    },
    "params": {
        "offset": {
            "min": 9.25,
            "max": 16.0
        },
        "permeability": {
            "min": 0,
            "max": 0.11697898822636045
        },
        "lambda": {
            "min": 0.05,
            "max": 0.052428706701844616
        },
        "IFR": {
            "min": 0.007,
            "max": 0.013
        },
        "what": {
            "min": 0.0625,
            "max": 0.16666666666666666
        },
        "initial_i": {
            "min": 3.602655149275503e-08,
            "max": 4.568868076431173e-07
        }
    },
    "fixed_params": {
        "home_size": 2.5,
        "k_average_active": 12.732037984880558,
        "k_average_confined": 4.0643930362495375,
        "mu": 0.23809523809523808,
        "eta": 0.1923076923076923
    },
    "first_day_deaths_list": "2020-01-22"
}