{
    "country": "Canada",
    "total_population": 37742154,
    "max_days": 110,
    "simulation": {
        "n_simulations": 1000000,
        "n_executions": 1
    },
    "params": {
        "offset": {
            "min": 11.0,
            "max": 17.75
        },
        "permeability": {
            "min": 0,
            "max": 0.08651677527424594
        },
        "lambda": {
            "min": 0.05,
            "max": 0.05157774184751538
        },
        "IFR": {
            "min": 0.007,
            "max": 0.013
        },
        "what": {
            "min": 0.0625,
            "max": 0.16666666666666666
        },
        "initial_i": {
            "min": 7.244028859111499e-07,
            "max": 4.166166460848074e-06
        }
    },
    "fixed_params": {
        "home_size": 2.5,
        "k_average_active": 12.567023181192504,
        "k_average_confined": 3.097499058520805,
        "mu": 0.23809523809523808,
        "eta": 0.1923076923076923
    },
    "first_day_deaths_list": "2020-01-22"
}