{
    "country": "Chile",
    "total_population": 19116201,
    "max_days": 110,
    "simulation": {
        "n_simulations": 1000000,
        "n_executions": 1
    },
    "params": {
        "offset": {
            "min": 9.0,
            "max": 15.75
        },
        "permeability": {
            "min": 0,
            "max": 0.1419526398630349
        },
        "lambda": {
            "min": 0.05,
            "max": 0.0542688683184542
        },
        "IFR": {
            "min": 0.007,
            "max": 0.013
        },
        "what": {
            "min": 0.0625,
            "max": 0.16666666666666666
        },
        "initial_i": {
            "min": 0,
            "max": 2.4335596123280784e-07
        }
    },
    "fixed_params": {
        "home_size": 2.5,
        "k_average_active": 13.708551257990292,
        "k_average_confined": 3.6595789479804974,
        "mu": 0.23809523809523808,
        "eta": 0.1923076923076923
    },
    "first_day_deaths_list": "2020-01-22"
}