{
    "country": "Colombia",
    "total_population": 51500000.0,
    "max_days": 160,
    "simulation": {
        "n_simulations": 1000000,
        "n_executions": 1
    },
    "params": {
        "permeability": {
            "min": 0.24520576446974746,
            "max": 1
        },
        "lambda": {
            "min": 0.03795162051886354,
            "max": 0.06084606897515169
        },
        "IFR": {
            "min": 0.006,
            "max": 0.014
        },
        "what": {
            "min": 0.0725,
            "max": 0.11666666666666665
        },
        "initial_i": {
            "min": 0,
            "max": 2.530708571815311e-07
        },
        "eta": {
            "min": 0.1,
            "max": 0.34555824528908197
        }
    },
    "fixed_params": {
        "home_size": 3.5,
        "k_average_active": 15.259672821995764,
        "k_average_confined": 3.596725383901153,
        "mu": 0.23809523809523808,
        "eta": 0.1923076923076923
    }
}