{
    "country": "Colombia",
    "total_population": 51500000.0,
    "max_days": 160,
    "simulation": {
        "n_simulations": 1000000,
        "n_executions": 1
    },
    "params": {
        "permeability": {
            "min": 0,
            "max": 1
        },
        "lambda": {
            "min": 0.01,
            "max": 0.6
        },
        "IFR": {
            "min": 0.006,
            "max": 0.014
        },
        "what": {
            "min": 0.0725,
            "max": 0.11666666666666666
        },
        "initial_i": {
            "min": 0,
            "max": 5e-7
        }
    },
    "fixed_params": {
        "home_size": 3.5,
        "k_average_active": 15.259672821995764,
        "k_average_confined": 3.596725383901153,
        "mu": 0.23809523809523808,
        "eta": 0.1923076923076923
    },
    "first_day_deaths_list": "2020-01-22"
}