{
    "country": "Denmark",
    "total_population": 5792202,
    "max_days": 95,
    "simulation": {
        "n_simulations": 1000000,
        "n_executions": 1
    },
    "params": {
        "offset": {
            "min": -2.2857142857142856,
            "max": 20
        },
        "permeability": {
            "min": 0,
            "max": 0.1542050379003306
        },
        "lambda": {
            "min": 0.05,
            "max": 0.0510764702108625
        },
        "IFR": {
            "min": 0.007,
            "max": 0.013
        },
        "what": {
            "min": 0.0625,
            "max": 0.16666666666666666
        },
        "initial_i": {
            "min": 0,
            "max": 2.848582608164159e-06
        }
    },
    "fixed_params": {
        "home_size": 2.5,
        "k_average_active": 12.40792373188082,
        "k_average_confined": 3.0629499191903817,
        "mu": 0.23809523809523808,
        "eta": 0.1923076923076923
    },
    "first_day_deaths_list": "2020-01-22",
    "min_days": 0
}