{
    "country": "Dominican Republic",
    "total_population": 10847910,
    "max_days": 170,
    "simulation": {
        "n_simulations": 1000000,
        "n_executions": 1
    },
    "params": {
        "offset": {
            "min": 14.666666666666666,
            "max": 20
        },
        "permeability": {
            "min": 0,
            "max": 0.12058229038394788
        },
        "lambda": {
            "min": 0.05,
            "max": 0.05234484094315438
        },
        "IFR": {
            "min": 0.007,
            "max": 0.013
        },
        "what": {
            "min": 0.0625,
            "max": 0.16666666666666666
        },
        "initial_i": {
            "min": 0,
            "max": 9.212770228892306e-08
        }
    },
    "fixed_params": {
        "home_size": 2.5,
        "k_average_active": 15.824619628799493,
        "k_average_confined": 3.7651986488327474,
        "mu": 0.23809523809523808,
        "eta": 0.1923076923076923
    },
    "first_day_deaths_list": "2020-01-22",
    "min_days": 0
}