{
    "country": "Ecuador",
    "total_population": 17643054,
    "max_days": 175,
    "simulation": {
        "n_simulations": 1000000,
        "n_executions": 1
    },
    "params": {
        "offset": {
            "min": 18.0,
            "max": 20
        },
        "permeability": {
            "min": 0,
            "max": 0.33522948393314533
        },
        "lambda": {
            "min": 0.05,
            "max": 0.05556690588568648
        },
        "IFR": {
            "min": 0.007,
            "max": 0.013
        },
        "what": {
            "min": 0.0625,
            "max": 0.16666666666666666
        },
        "initial_i": {
            "min": 0,
            "max": 1.4952647567254794e-06
        }
    },
    "fixed_params": {
        "home_size": 2.5,
        "k_average_active": 15.82529043556818,
        "k_average_confined": 3.613519136557231,
        "mu": 0.23809523809523808,
        "eta": 0.1923076923076923
    },
    "first_day_deaths_list": "2020-01-22",
    "min_days": 0
}