{
    "country": "Estonia",
    "total_population": 47500000.0,
    "max_days": 110,
    "simulation": {
        "n_simulations": 1000000,
        "n_executions": 1
    },
    "params": {
        "offset": {
            "min": -10.0,
            "max": 20
        },
        "permeability": {
            "min": 0,
            "max": 0.2708732595685595
        },
        "lambda": {
            "min": 0.05,
            "max": 0.05341989011613953
        },
        "IFR": {
            "min": 0.007,
            "max": 0.013
        },
        "what": {
            "min": 0.0625,
            "max": 0.16666666666666666
        },
        "initial_i": {
            "min": 0,
            "max": 3.555478323698125e-08
        }
    },
    "fixed_params": {
        "home_size": 2.5,
        "k_average_active": 12.50498385638422,
        "k_average_confined": 3.4517520760906137,
        "mu": 0.23809523809523808,
        "eta": 0.1923076923076923
    },
    "first_day_deaths_list": "2020-01-22",
    "min_days": 0
}