{
    "country": "Estonia",
    "total_population": 1326.535,
    "max_days": 110,
    "simulation": {
        "n_simulations": 1000000,
        "n_executions": 1
    },
    "params": {
        "offset": {
            "min": -20,
            "max": 20
        },
        "permeability": {
            "min": 0,
            "max": 1
        },
        "lambda": {
            "min": 0.05,
            "max": 0.3
        },
        "IFR": {
            "min": 0.007,
            "max": 0.013
        },
        "what": {
            "min": 0.0625,
            "max": 0.16666666666666666
        },
        "initial_i": {
            "min": 0,
            "max": 1e-06
        }
    },
    "fixed_params": {
        "home_size": 2.5,
        "k_average_active": 12.50498385638422,
        "k_average_confined": 3.4517520760906137,
        "mu": 0.23809523809523808,
        "eta": 0.1923076923076923
    }
}