{
    "country": "France",
    "total_population": 65500000.0,
    "max_days": 100,
    "simulation": {
        "n_simulations": 1000000,
        "n_executions": 1
    },
    "params": {
        "permeability": {
            "min": 0,
            "max": 1
        },
        "lambda": {
            "min": 0.04,
            "max": 0.16
        },
        "IFR": {
            "min": 0.008,
            "max": 0.012
        },
        "what": {
            "min": 0.0625,
            "max": 0.16666666666666666
        },
        "initial_i": {
            "min": 0,
            "max": 5e-08
        }
    },
    "fixed_params": {
        "home_size": 2.3,
        "k_average_active": 11.78077057136881,
        "k_average_confined": 3.1001133892795587,
        "mu": 0.23809523809523808,
        "eta": 0.1923076923076923
    }
}