{
    "country": "Germany",
    "total_population": 83783942,
    "max_days": 100,
    "simulation": {
        "n_simulations": 1000000,
        "n_executions": 1
    },
    "params": {
        "offset": {
            "min": 1.6666666666666679,
            "max": 20
        },
        "permeability": {
            "min": 0,
            "max": 0.5289415848531249
        },
        "lambda": {
            "min": 0.05,
            "max": 0.3
        },
        "IFR": {
            "min": 0.007,
            "max": 0.013
        },
        "what": {
            "min": 0.0625,
            "max": 0.16666666666666666
        },
        "initial_i": {
            "min": 0,
            "max": 8.96988173013014e-05
        }
    },
    "fixed_params": {
        "home_size": 2.5,
        "k_average_active": 6.860278209169456,
        "k_average_confined": 1.7923930825053689,
        "mu": 0.23809523809523808,
        "eta": 0.1923076923076923
    },
    "first_day_deaths_list": "2020-01-22",
    "min_days": 0
}