{
    "country": "Guatemala",
    "total_population": 17915568,
    "max_days": 180,
    "simulation": {
        "n_simulations": 1000000,
        "n_executions": 1
    },
    "params": {
        "offset": {
            "min": -20,
            "max": 20
        },
        "permeability": {
            "min": 0,
            "max": 0.8087224638506688
        },
        "lambda": {
            "min": 0.05,
            "max": 0.3
        },
        "IFR": {
            "min": 0.007,
            "max": 0.013
        },
        "what": {
            "min": 0.0625,
            "max": 0.16666666666666666
        },
        "initial_i": {
            "min": 0,
            "max": 3.7241401436739342e-06
        }
    },
    "fixed_params": {
        "home_size": 2.5,
        "k_average_active": 18.98073830683683,
        "k_average_confined": 4.081338755955492,
        "mu": 0.23809523809523808,
        "eta": 0.1923076923076923
    },
    "first_day_deaths_list": "2020-01-22",
    "min_days": 0
}