{
    "country": "Ireland",
    "total_population": 4937786,
    "max_days": 110,
    "simulation": {
        "n_simulations": 1000000,
        "n_executions": 1
    },
    "params": {
        "offset": {
            "min": 5.25,
            "max": 15.666666666666666
        },
        "permeability": {
            "min": 0,
            "max": 0.3026941844529025
        },
        "lambda": {
            "min": 0.055497978684825665,
            "max": 0.08412826796067552
        },
        "IFR": {
            "min": 0.007,
            "max": 0.013
        },
        "what": {
            "min": 0.0625,
            "max": 0.16666666666666666
        },
        "initial_i": {
            "min": 0,
            "max": 2.3351283259528634e-06
        }
    },
    "fixed_params": {
        "home_size": 2.5,
        "k_average_active": 12.469565788368415,
        "k_average_confined": 3.4347630697388145,
        "mu": 0.23809523809523808,
        "eta": 0.1923076923076923
    },
    "first_day_deaths_list": "2020-01-22"
}