{
    "country": "Italy",
    "total_population": 59.2e6,
    "max_days": 100,
    "simulation": {
        "n_simulations": 1000000,
        "n_executions": 1
    },
    "params": {
        "permeability": {
            "min": 0,
            "max": 0.3
        },
        "lambda": {
            "min": 0.06,
            "max": 0.16
        },
        "IFR": {
            "min": 0.008,
            "max": 0.012
        },
        "what": {
            "min": 0.0625,
            "max": 0.16666666666666666
        },
        "initial_i": {
            "min": 0,
            "max": 1.333333e-06
        }
    },
    "fixed_params": {
        "home_size": 2.5,
        "k_average_active": 14.36572149377492,
        "k_average_confined": 2.938776873980252,
        "mu": 0.23809523809523808,
        "eta": 0.1923076923076923
    }
}