{
    "country": "Spain",
    "total_population": 46754778,
    "max_days": 90,
    "simulation": {
        "n_simulations": 100000,
        "n_executions": 1
    },
    "params": {
        "offset": {
            "min": 4.0,
            "max": 8.0
        },
        "permeability": {
            "min": 0,
            "max": 0.1475092296728151
        },
        "lambda": {
            "min": 0.07398274119671673,
            "max": 0.12317545814993232
        },
        "IFR": {
            "min": 0.008,
            "max": 0.012
        },
        "what": {
            "min": 0.0725,
            "max": 0.16666666666666666
        },
        "initial_i": {
            "min": 1e-09,
            "max": 8e-07
        },
        "eta": {
            "min": 0.1,
            "max": 0.4
        }
    },
    "fixed_params": {
        "home_size": 2.5,
        "k_average_active": 12.018964433976906,
        "k_average_confined": 3.187692531804087,
        "mu": 0.23809523809523808,
        "eta": 0.1923076923076923
    },
    "first_day_deaths_list": "2020-01-22"
}