{
    "country": "Spain",
    "total_population": 46754778,
    "min_days": 0,
    "max_days": 110,
    "simulation": {
        "n_simulations": 2000000,
        "n_executions": 1
    },
    "params": {
        "offset": {
            "min": -2,
            "max": 20
        },
        "permeability": {
            "min": 0,
            "max": 0.051109921856830255
        },
        "lambda": {
            "min": 0.01,
            "max": 0.10445500566575924
        },
        "IFR": {
            "min": 0.008,
            "max": 0.012
        },
        "what": {
            "min": 0.0725,
            "max": 0.1666085772728501
        },
        "initial_i": {
            "min": 0,
            "max": 1.8355302939632482e-05
        },
        "eta": {
            "min": 0.1,
            "max": 0.4
        }
    },
    "fixed_params": {
        "home_size": 2.5,
        "k_average_active": 12.018964433976906,
        "k_average_confined": 3.187692531804087,
        "mu": 0.23809523809523808,
        "eta": 0.1923076923076923
    },
    "first_day_deaths_list": "2020-01-22"
}