{
    "country": "United Kingdom of Great Britain",
    "total_population": 68500000.0,
    "max_days": 100,
    "simulation": {
        "n_simulations": 5000000,
        "n_executions": 1
    },
    "params": {
        "offset": {
            "min": 3,
            "max": 12
        },
        "permeability": {
            "min": 0,
            "max": 0.15
        },
        "lambda": {
            "min": 0.0658289256863182,
            "max": 0.08735443473859143
        },
        "IFR": {
            "min": 0.008,
            "max": 0.012
        },
        "what": {
            "min": 0.0625,
            "max": 0.16666666666666666
        },
        "initial_i": {
            "min": 2.1234876554004463e-07,
            "max": 3.47058824e-06
        }
    },
    "fixed_params": {
        "home_size": 2.5,
        "k_average_active": 9.475115167626232,
        "k_average_confined": 2.245642660835696,
        "mu": 0.23809523809523808,
        "eta": 0.1923076923076923
    },
    "first_day_deaths_list": "2020-01-22"
}