{
    "country": "Brazil",
    "total_population": 212559417,
    "max_days": 180,
    "simulation": {
        "n_simulations": 2000000,
        "n_executions": 1
    },
    "params": {
        "offset": {
            "min": -2,
            "max": 20
        },
        "permeability": {
            "min": 0,
            "max": 0.5152771862592143
        },
        "lambda": {
            "min": 0.037507219678804986,
            "max": 0.04230885639663799
        },
        "IFR": {
            "min": 0.00913044683629425,
            "max": 0.013
        },
        "what": {
            "min": 0.0625,
            "max": 0.16551717497160756
        },
        "initial_i": {
            "min": 1.5750578436002582e-06,
            "max": 5.912563181441442e-06
        }
    },
    "fixed_params": {
        "home_size": 2.5,
        "k_average_active": 15.19028762877682,
        "k_average_confined": 3.7550389678303615,
        "mu": 0.23809523809523808,
        "eta": 0.1923076923076923
    },
    "first_day_deaths_list": "2020-01-22",
    "min_days": 0
}