{
    "country": "Germany",
    "total_population": 83783942,
    "max_days": 80,
    "simulation": {
        "n_simulations": 1000000,
        "n_executions": 1
    },
    "params": {
        "offset": {
            "min": 0,
            "max": 5.0
        },
        "permeability": {
            "min": 0,
            "max": 0.41522108193697804
        },
        "lambda": {
            "min": 0.12115453265381254,
            "max": 0.18930986646061826
        },
        "IFR": {
            "min": 0.008237850611980947,
            "max": 0.013
        },
        "what": {
            "min": 0.0625,
            "max": 0.16666666666666666
        },
        "initial_i": {
            "min": 0,
            "max": 3.22625066050429e-08
        }
    },
    "fixed_params": {
        "home_size": 2.5,
        "k_average_active": 6.860278209169456,
        "k_average_confined": 1.7923930825053689,
        "mu": 0.23809523809523808,
        "eta": 0.1923076923076923,
        "what": 0.091
    },
    "first_day_deaths_list": "2020-01-22",
    "min_days": 0,
    "score": 2
}